label,use_controller,sampling_rate_hz,time_s,attitude_angle_deg,roll_rate_deg_s
no controller,False,5,0.0,90.0,5.0
no controller,False,5,0.10033444816053512,89.99775457869542,4.985344645981579
no controller,False,5,0.20066889632107024,89.98861470172506,4.917049998865736
no controller,False,5,0.3010033444816054,89.95850205906606,4.761600401291654
no controller,False,5,0.4013377926421405,89.89177031137561,4.528918538668957
no controller,False,5,0.5016722408026756,89.77436822740238,4.227763542399223
no controller,False,5,0.6020066889632107,89.5957182495303,3.8709588138436914
no controller,False,5,0.7023411371237458,89.35219300897901,3.4747749733828464
no controller,False,5,0.802675585284281,89.05147088668011,3.0567808934468017
no controller,False,5,0.9030100334448161,88.71659154989112,2.6342174153918227
no controller,False,5,1.0033444816053512,88.38759145564397,2.222788367173081
no controller,False,5,1.1036789297658862,88.11773868811628,1.8358085689400696
no controller,False,5,1.2040133779264215,87.96038525488423,1.4836353387607895
no controller,False,5,1.3043478260869565,87.94820578255516,1.1730046289113392
no controller,False,5,1.4046822742474916,88.07263395881952,0.9070628057307147
no controller,False,5,1.5050167224080269,88.27252550617065,0.6858389620807616
no controller,False,5,1.605351170568562,88.44741591788663,0.5069261194157816
no controller,False,5,1.705685618729097,88.50123491652612,0.3662134230027634
no controller,False,5,1.8060200668896322,88.4006304378317,0.2585381915916932
no controller,False,5,1.9063545150501673,88.20838323604502,0.1783387164340499
no controller,False,5,2.0066889632107023,88.0519556456486,0.12017584398425757
no controller,False,5,2.1070234113712374,88.0295247654283,0.07909507280582048
no controller,False,5,2.2073578595317724,88.12248526091722,0.050843148635422865
no controller,False,5,2.307692307692308,88.20650411275615,0.031915875633562685
no controller,False,5,2.408026755852843,88.17542933386402,0.019562862078267854
no controller,False,5,2.508361204013378,88.05850787891255,0.01170755300174057
no controller,False,5,2.608695652173913,87.98288585185654,0.006839900907868064
no controller,False,5,2.709030100334448,88.00851847244978,0.003900231683938393
no controller,False,5,2.809364548494983,88.05142984105304,0.0021696103456829334
no controller,False,5,2.9096989966555187,88.01590820375758,0.0011768835808708175
no controller,False,5,3.0100334448160537,87.94126278054564,0.0006222020541842427
no controller,False,5,3.1103678929765888,87.92225732394063,0.0003220403852036045
no controller,False,5,3.210702341137124,87.94213691666081,0.0001647044368536838
no controller,False,5,3.311036789297659,87.92144914714034,8.368691501194802e-05
no controller,False,5,3.411371237458194,87.8698459506344,4.2471107572326406e-05
no controller,False,5,3.511705685618729,87.84856926456435,2.157786477849814e-05
no controller,False,5,3.6120401337792645,87.85239523792352,1.1000027858431682e-05
no controller,False,5,3.7123745819397995,87.86643195799999,5.630018998121147e-06
no controller,False,5,3.8127090301003346,87.89467291889112,2.8952573567159855e-06
no controller,False,5,3.9130434782608696,87.91767895835525,1.4982668461153696e-06
no controller,False,5,4.013377926421405,87.92962913125385,7.805209732367879e-07
no controller,False,5,4.11371237458194,87.94468136599087,4.09370252430402e-07
no controller,False,5,4.214046822742475,87.96844414758287,2.161249424025347e-07
no controller,False,5,4.31438127090301,87.99097575163374,1.1486121451027773e-07
no controller,False,5,4.414715719063545,88.00671582629512,6.151529506044974e-08
no controller,False,5,4.51505016722408,88.02220128357918,3.3206397130933874e-08
no controller,False,5,4.615384615384616,88.04282557508424,1.8063990684354042e-08
no controller,False,5,4.7157190635451505,88.06485722215622,9.901994153984146e-09
no controller,False,5,4.816053511705686,88.08334879590572,5.468438985467233e-09
no controller,False,5,4.916387959866221,88.09976313100104,3.042222091051754e-09
no controller,False,5,5.016722408026756,88.11826354364015,1.7047118078082137e-09
no controller,False,5,5.117056856187291,88.13910233775012,9.621177217114815e-10
no controller,False,5,5.217391304347826,88.15921761663375,5.468018068752729e-10
no controller,False,5,5.317725752508362,88.17726005110728,3.128881269146146e-10
no controller,False,5,5.418060200668896,88.19501881728635,1.8024503714146926e-10
no controller,False,5,5.518394648829432,88.21428933980884,1.045208558224657e-10
no controller,False,5,5.618729096989966,88.2345187556915,6.100542072355998e-11
no controller,False,5,5.719063545150502,88.25308735031824,3.583312796848288e-11
no controller,False,5,5.819397993311037,88.26643125778945,2.1172083160275252e-11
no controller,False,5,5.919732441471572,88.2772752474586,1.2589937945265452e-11
no controller,False,5,6.0200668896321075,88.29083944334272,7.5313604901859e-12
no controller,False,5,6.120401337792642,88.30798088098734,4.5319308401266e-12
no controller,False,5,6.2207357859531776,88.32515584459405,2.7429588667318334e-12
no controller,False,5,6.321070234113712,88.33953060311964,1.6657159349574412e-12
no controller,False,5,6.421404682274248,88.3520518191889,1.0206453057203348e-12
no controller,False,5,6.521739130434783,88.36556649158787,6.285220433877642e-13
no controller,False,5,6.622073578595318,88.38126049924439,3.8896669024521355e-13
no controller,False,5,6.722408026755853,88.39772576117844,2.4203562288139385e-13
no controller,False,5,6.822742474916388,88.41302301544422,1.5142950635827378e-13
no controller,False,5,6.923076923076923,88.42683199324473,9.522085233194478e-14
no controller,False,5,7.023411371237458,88.44044091065196,6.020410747174396e-14
no controller,False,5,7.1237458193979935,88.45510195647698,3.825749702814844e-14
no controller,False,5,7.224080267558529,88.47078954588727,2.4423365727919427e-14
no controller,False,5,7.3244147157190636,88.48649017430886,1.5663867252339268e-14
no controller,False,5,7.424749163879599,88.50138259512853,1.0099813148191053e-14
no controller,False,5,7.525083612040134,88.51557903289527,6.542055972241509e-15
no controller,False,5,7.625418060200669,88.52983183769179,4.257415139584421e-15
no controller,False,5,7.725752508361205,88.54471536292773,3.913324571872232e-15
no controller,False,5,7.826086956521739,88.56014496485024,2.9904551383514832e-15
no controller,False,5,7.926421404682275,88.5755864607269,1.9436505625081014e-15
no controller,False,5,8.02675585284281,88.59060329533258,1.288097318236425e-15
no controller,False,5,8.127090301003344,88.60521624160053,8.574012511575826e-16
no controller,False,5,8.22742474916388,88.6197174249394,-3.212985166324412e-14
no controller,False,5,8.327759197324415,88.62692695614265,-3.852830012666252e-14
no controller,False,5,8.42809364548495,88.6144558416287,-2.4421481091057135e-14
no controller,False,5,8.528428093645486,88.58622197213975,-1.6379668773768105e-14
no controller,False,5,8.62876254180602,88.5577046051576,-1.1077469616053914e-14
no controller,False,5,8.729096989966555,88.54204355901797,-7.874503325669585e-15
no controller,False,5,8.82943143812709,88.5402270922703,-5.66015236770514e-15
no controller,False,5,8.929765886287626,88.54243073748744,-3.8756614873020784e-15
no controller,False,5,9.03010033444816,88.537280300686,-2.573471713431755e-15
no controller,False,5,9.130434782608695,88.52035473388565,-1.3712223606936389e-15
no controller,False,5,9.230769230769232,88.49608520446688,-9.651492816426855e-16
no controller,False,5,9.331103678929766,88.47318063905625,-6.741644995108808e-16
no controller,False,5,9.431438127090301,88.45791099776376,-5.092979284792025e-16
no controller,False,5,9.531772575250836,88.45022214510936,-4.4283123733279483e-16
no controller,False,5,9.632107023411372,88.44483269113564,-3.015289234457006e-16
no controller,False,5,9.732441471571907,88.43559922229959,-2.1379297582469888e-16
no controller,False,5,9.832775919732441,88.41961215621302,-1.297470994571176e-16
no controller,False,5,9.933110367892978,88.39848561317476,-8.13599672229626e-17
no controller,False,5,10.033444816053512,88.37661405551138,-7.494609806465432e-17
no controller,False,5,10.133779264214047,88.35803611735875,-5.340899322579779e-17
no controller,False,5,10.234113712374581,88.34405615939544,-4.29613688705245e-17
no controller,False,5,10.334448160535118,88.33291134299641,-3.332789465896085e-17
no controller,False,5,10.434782608695652,88.32129553575139,-2.2896773116753878e-17
no controller,False,5,10.535117056856187,88.30649633163735,-1.668777322100742e-17
no controller,False,5,10.635451505016723,88.28781640783292,-1.2153558032678132e-17
no controller,False,5,10.735785953177258,88.2666341651294,-8.862751548893904e-18
no controller,False,5,10.836120401337793,88.24532969797657,2.4744282884369375e-17
no controller,False,5,10.936454849498329,88.2258606065782,1.3788655351225669e-16
no controller,False,5,11.036789297658864,88.20880212160722,1.6759036404171254e-16
no controller,False,5,11.137123745819398,88.19326544091082,1.2411126221674143e-16
no controller,False,5,11.237458193979933,88.177573553892,9.241429351405987e-17
no controller,False,5,11.33779264214047,88.16021377923494,6.900435483982498e-17
no controller,False,5,11.438127090301004,88.14054702341886,5.1750354381452445e-17
no controller,False,5,11.538461538461538,88.11897768416058,3.855302133120301e-17
no controller,False,5,11.638795986622075,88.0965937257486,2.933060579740252e-17
no controller,False,5,11.73913043478261,88.07310982621806,2.2234357961765694e-17
no controller,False,5,11.839464882943144,88.0465677282089,3.1641603571148946e-17
no controller,False,5,11.939799331103679,88.01634709694994,3.2291064311140393e-17
no controller,False,5,12.040133779264215,87.9833411281258,2.170215943462373e-17
no controller,False,5,12.14046822742475,87.94937231751312,1.6966536270094216e-17
no controller,False,5,12.240802675585284,87.91631372852257,-2.785070243947635e-18
no controller,False,5,12.34113712374582,87.8852913371156,-4.251629957509408e-17
no controller,False,5,12.441471571906355,87.85631116082355,-4.5775453033179537e-17
no controller,False,5,12.54180602006689,87.82842547812714,-3.616970476438283e-17
no controller,False,5,12.642140468227424,87.80026689804062,-2.9548679610515346e-17
no controller,False,5,12.74247491638796,87.77064253933267,-2.8365485330467027e-17
no controller,False,5,12.842809364548495,87.73894145549097,-1.957464361803656e-17
no controller,False,5,12.94314381270903,87.70525691854839,5.7565893061097234e-18
no controller,False,5,13.043478260869566,87.6702471098385,5.680244068361305e-18
no controller,False,5,13.143812709030101,87.63482538986148,5.158028683842583e-18
no controller,False,5,13.244147157190636,87.59980521737506,3.948462815852363e-18
no controller,False,5,13.34448160535117,87.56562761789556,2.708824125144926e-17
no controller,False,5,13.444816053511706,87.53225808053476,3.4802776351926794e-17
no controller,False,5,13.545150501672241,87.49926452351508,2.4667150294205275e-17
no controller,False,5,13.645484949832776,87.46601661550964,6.521876652877232e-17
no controller,False,5,13.745819397993312,87.43191397906921,-1.0567856832107197e-17
no controller,False,5,13.846153846153847,87.39656364371932,-1.3014710069694242e-18
no controller,False,5,13.946488294314381,87.35986379637554,-1.645582741729721e-18
no controller,False,5,14.046822742474916,87.32198855991278,-1.7263032269331655e-18
no controller,False,5,14.147157190635452,87.28329656134184,5.408627488411184e-17
no controller,False,5,14.247491638795987,87.24420063936913,1.894918352250913e-16
no controller,False,5,14.347826086956522,87.2050407251141,1.5258926635010294e-16
no controller,False,5,14.448160535117058,87.16599494809434,1.2760461396044748e-16
no controller,False,5,14.548494983277592,87.12704908506524,1.0813270752825765e-16
no controller,False,5,14.648829431438127,87.08802348462481,8.80314124041392e-17
no controller,False,5,14.749163879598662,87.04864019691784,4.070785491783596e-17
no controller,False,5,14.849498327759198,87.00860473140003,1.0977762294023066e-18
no controller,False,5,14.949832775919733,86.96767825350251,-1.5761562688242688e-19
no controller,False,5,15.050167224080267,86.92572427817883,-3.775044161594573e-18
no controller,False,5,15.150501672240804,86.88272320362461,-5.255310589769226e-18
no controller,False,5,15.250836120401338,86.83875736192029,-4.898352858890459e-18
no controller,False,5,15.351170568561873,86.79397495355113,2.7851824618744993e-18
no controller,False,5,15.45150501672241,86.74854431925492,2.5560374025842287e-17
no controller,False,5,15.551839464882944,86.70261022606611,2.4091602612566706e-17
no controller,False,5,15.652173913043478,86.6562613672584,1.7413614455902476e-17
no controller,False,5,15.752508361204013,86.60951464828044,1.4747500667772414e-17
no controller,False,5,15.85284280936455,86.56231692858601,1.1513657087446003e-17
no controller,False,5,15.953177257525084,86.51456096647722,1.3718423312531829e-17
no controller,False,5,16.05351170568562,86.46610979605111,-1.3386015251104404e-17
no controller,False,5,16.153846153846153,86.41682305174136,-7.160205911969756e-17
no controller,False,5,16.254180602006688,86.36657967629051,-7.812751612398008e-17
no controller,False,5,16.354515050167226,86.31529334591252,-6.266825672650971e-17
no controller,False,5,16.45484949832776,86.26291899986714,-5.435700909296285e-17
no controller,False,5,16.555183946488295,86.2094508435576,-4.126501379301045e-17
no controller,False,5,16.65551839464883,86.15491362284848,-3.29907976529567e-17
no controller,False,5,16.755852842809364,86.09934709885982,-2.6630302639368178e-17
no controller,False,5,16.8561872909699,86.04299216582857,3.8270886476191657e-16
no controller,False,5,16.956521739130434,85.98833142170254,4.004370031379867e-17
no controller,False,5,17.056856187290972,85.93811344579609,6.01490583155378e-17
no controller,False,5,17.157190635451506,85.8939850054999,5.0613202686969366e-17
no controller,False,5,17.25752508361204,85.85637946654826,4.933281400585281e-17
no controller,False,5,17.357859531772576,85.82460091132059,4.457916246425481e-17
no controller,False,5,17.45819397993311,85.7970624211612,3.7726247584080705e-17
no controller,False,5,17.558528428093645,85.77161763017361,3.3205691639522413e-17
no controller,False,5,17.65886287625418,85.74592231217542,2.850372134683699e-17
no controller,False,5,17.759197324414718,85.71777001503297,2.4938044039090583e-17
no controller,False,5,17.859531772575252,85.68535982393801,3.085910070314937e-17
no controller,False,5,17.959866220735787,85.64747153124046,3.3651326905811715e-17
no controller,False,5,18.06020066889632,85.6035406257973,3.2932889604522726e-17
no controller,False,5,18.160535117056856,85.55364016850848,2.8962432393236865e-17
no controller,False,5,18.26086956521739,85.49838740857005,2.5518482744636856e-17
no controller,False,5,18.361204013377925,85.43879918058266,2.0248375543054342e-17
no controller,False,5,18.461538461538463,85.37612197690699,1.8072940681554595e-17
no controller,False,5,18.561872909698998,85.311660801313,1.3693541851445147e-17
no controller,False,5,18.662207357859533,85.24662673203308,1.7288772813190606e-17
no controller,False,5,18.762541806020067,85.18201665377617,1.8803467103922735e-17
no controller,False,5,18.862876254180602,85.1185330911916,2.079361503371648e-17
no controller,False,5,18.963210702341136,85.0565459143275,1.964859680074366e-17
no controller,False,5,19.06354515050167,84.9960925790343,1.8723974394674494e-17
no controller,False,5,19.16387959866221,84.93691039571426,1.8224336512475947e-17
no controller,False,5,19.264214046822744,84.87849213195123,1.6521568424363188e-17
no controller,False,5,19.36454849498328,84.82015554968801,1.4433676955056047e-17
no controller,False,5,19.464882943143813,84.76111792752148,1.189534974498081e-17
no controller,False,5,19.565217391304348,84.70056781139519,1.6952204724933158e-17
no controller,False,5,19.665551839464882,84.63772796593696,1.7883988153692224e-17
no controller,False,5,19.765886287625417,84.57190558197904,1.9089737580789064e-17
no controller,False,5,19.866220735785955,84.5025277256674,1.7049907866468356e-17
no controller,False,5,19.96655518394649,84.42916134350553,1.8716275819606042e-17
no controller,False,5,20.066889632107024,84.35151914865976,1.924303474883879e-17
no controller,False,5,20.16722408026756,84.26945325418231,1.4080445243869892e-17
no controller,False,5,20.267558528428093,84.18293920751263,1.2810233144159432e-17
no controller,False,5,20.367892976588628,84.09205330275078,1.2046289727925836e-17
no controller,False,5,20.468227424749163,83.9969460168974,7.44888270794948e-18
no controller,False,5,20.5685618729097,83.89781413568389,1.4187972859145358e-18
no controller,False,5,20.668896321070235,83.79487373222891,1.7888551854462205e-17
no controller,False,5,20.76923076923077,83.68833569726166,4.4713055699149956e-17
no controller,False,5,20.869565217391305,83.5783849188871,4.9542312758016554e-17
no controller,False,5,20.96989966555184,83.46516379342607,4.213351045126184e-17
no controller,False,5,21.070234113712374,83.34876029297185,3.7983337095171966e-17
no controller,False,5,21.17056856187291,83.2292005135748,3.0729384392860257e-17
no controller,False,5,21.270903010033447,83.10644519304651,2.6681403428348797e-17
no controller,False,5,21.37123745819398,82.98038974324643,3.2956347818860236e-17
no controller,False,5,21.471571906354516,82.85086708434402,2.3499435705048905e-17
no controller,False,5,21.57190635451505,82.71765245332027,2.2723902150712935e-17
no controller,False,5,21.672240802675585,82.58046969506758,9.706093667068038e-18
no controller,False,5,21.77257525083612,82.4389982421152,2.0636534674007908e-17
no controller,False,5,21.872909698996658,82.29288030337408,1.5863486285096503e-17
no controller,False,5,21.973244147157192,82.14172780392751,1.7128616748586143e-17
no controller,False,5,22.073578595317727,81.98512874525667,4.329366229734741e-17
no controller,False,5,22.17391304347826,81.82265273676612,5.3910394467455497e-17
no controller,False,5,22.274247491638796,81.65385555908108,7.812454778979134e-17
no controller,False,5,22.37458193979933,81.47828271136954,7.576299717962864e-17
no controller,False,5,22.474916387959865,81.29547193766024,7.771545755757867e-17
no controller,False,5,22.575250836120404,81.10495479326224,8.164953743360061e-17
no controller,False,5,22.67558528428094,80.90625735107018,1.0804184613053349e-16
no controller,False,5,22.775919732441473,80.69890017777202,1.437698800993482e-16
no controller,False,5,22.876254180602007,80.48239770333396,1.7010499070973106e-16
no controller,False,5,22.976588628762542,80.25625714921608,1.4547599248805382e-16
no controller,False,5,23.076923076923077,80.01997715101007,1.6575081874198572e-16
no controller,False,5,23.17725752508361,79.7730462146935,1.5613804815244988e-16
no controller,False,5,23.27759197324415,79.51494114225824,1.3711455452467673e-16
no controller,False,5,23.377926421404684,79.24512555173253,2.0393514173115775e-16
no controller,False,5,23.47826086956522,78.96304860594589,1.7712269591658172e-16
no controller,False,5,23.578595317725753,78.6681440350036,1.953247438023641e-16
no controller,False,5,23.678929765886288,78.35982957743569,8.937379195103473e-17
no controller,False,5,23.779264214046822,78.0375069041587,4.7678144240531276e-17
no controller,False,5,23.879598662207357,77.70056211744306,9.218205826100003e-17
no controller,False,5,23.979933110367895,77.34836690158674,8.161694529849536e-17
no controller,False,5,24.08026755852843,76.98028040345035,-2.793617945449976e-17
no controller,False,5,24.180602006688964,76.59565191311695,-9.018163306306803e-17
no controller,False,5,24.2809364548495,76.19382441165838,-2.704479142771341e-16
no controller,False,5,24.381270903010034,75.77413905881157,-3.2404874960111587e-16
no controller,False,5,24.48160535117057,75.3359406675557,-2.9916794445507344e-16
no controller,False,5,24.581939799331103,74.87858420487049,-3.2021373842414162e-16
no controller,False,5,24.68227424749164,74.40144232772157,-3.956018625164433e-16
no controller,False,5,24.782608695652176,73.90391390496461,-4.3006783540190856e-16
no controller,False,5,24.88294314381271,73.38543346555056,-3.993507893763215e-16
no controller,False,5,24.983277591973245,72.84548127111934,-5.936959244503695e-16
no controller,False,5,25.08361204013378,72.28359370650139,-5.769609646538527e-16
no controller,False,5,25.183946488294314,71.6993732374294,-6.434018646604381e-16
no controller,False,5,25.28428093645485,71.09249709488252,-4.879749381809818e-16
no controller,False,5,25.384615384615387,70.46272279883206,-4.4323739452731036e-16
no controller,False,5,25.48494983277592,69.80988815756987,-3.1353983238264727e-16
no controller,False,5,25.585284280936456,69.13390167102199,2.439299555828e-16
no controller,False,5,25.68561872909699,68.4347172942558,2.0965696736852437e-16
no controller,False,5,25.785953177257525,67.71228434163378,-1.3669052246456411e-15
no controller,False,5,25.88628762541806,66.96645880542263,2.665712686933334e-16
no controller,False,5,25.986622073578594,66.19685731780392,2.797857685358032e-15
no controller,False,5,26.086956521739133,65.40263072075577,2.5493564042709615e-15
no controller,False,5,26.187290969899667,64.58213595163534,3.147967597715236e-15
no controller,False,5,26.287625418060202,63.73250238256248,3.282178984330101e-15
no controller,False,5,26.387959866220736,62.84911995805049,3.019042022307791e-15
no controller,False,5,26.48829431438127,61.92511475941091,3.698811256110169e-15
no controller,False,5,26.588628762541806,60.95089230960419,3.621698392464019e-15
no controller,False,5,26.68896321070234,59.91380993184933,2.2146882406007847e-15
no controller,False,5,26.78929765886288,58.798003093691435,8.95857178770561e-16
no controller,False,5,26.889632107023413,57.58436181903799,2.593695728894798e-16
no controller,False,5,26.989966555183948,56.25064153616528,2.570501818522643e-16
no controller,False,5,27.090301003344482,54.771693432103454,2.291527220545862e-17
no controller,False,5,27.190635451505017,53.1198044802199,3.585093188418076e-15
no controller,False,5,27.29096989966555,51.26514249688511,5.225436645236787e-15
no controller,False,5,27.391304347826086,49.17630419140055,3.5002803875993686e-15
no controller,False,5,27.491638795986624,46.8209633803542,4.960126347074735e-16
no controller,False,5,27.59197324414716,44.16661343877203,-3.914128991981053e-15
no controller,False,5,27.692307692307693,41.181390832222775,-5.257658391210786e-15
no controller,False,5,27.792642140468228,37.83495680614887,-1.684232073135434e-15
no controller,False,5,27.892976588628763,34.0994028525539,-4.469356688175772e-15
no controller,False,5,27.993311036789297,29.950134409299878,5.437248952363021e-15
no controller,False,5,28.093645484949832,25.36667932381738,1.0816568001371234e-14
no controller,False,5,28.19397993311037,20.333366826695418,-1.1573669661914678e-14
no controller,False,5,28.294314381270905,14.839833367785513,-1.923241770976773e-14
no controller,False,5,28.39464882943144,8.881336531409485,-2.4276292907348574e-14
no controller,False,5,28.494983277591974,2.4588979727468834,-2.103576990487881e-14
no controller,False,5,28.59531772575251,-4.4206521194616295,1.0813933231592854e-14
no controller,False,5,28.695652173913043,-11.744600372637702,3.345062142727247e-14
no controller,False,5,28.795986622073578,-19.494067314128444,4.661957959782673e-14
no controller,False,5,28.896321070234116,-27.643309669387197,4.969809894410876e-14
no controller,False,5,28.99665551839465,-36.15841004798697,1.386398493036619e-15
no controller,False,5,29.096989966555185,-44.99521914355646,8.003125524816709e-14
no controller,False,5,29.19732441471572,-54.0965487310599,1.0102244178873431e-13
no controller,False,5,29.297658862876254,-63.388825735580575,1.528232917784094e-13
no controller,False,5,29.39799331103679,-72.77869628130286,1.4663743155929696e-13
no controller,False,5,29.498327759197323,-82.15035765066649,2.968051613191115e-14
no controller,False,5,29.59866220735786,-88.61502497939084,5.4490188049250285e-14
no controller,False,5,29.698996655518396,-79.73917079959975,2.412463709970627e-14
no controller,False,5,29.79933110367893,-71.33873863478001,4.602718361052812e-14
no controller,False,5,29.899665551839465,-63.61998714395137,6.446818120144962e-14
no controller,False,5,30.0,-56.76717430192634,4.792395655092084e-14
no controller,False,20,0.0,90.0,5.0
no controller,False,20,0.10033444816053512,89.99775457869542,4.985344645981579
no controller,False,20,0.20066889632107024,89.98861470172506,4.917049998865736
no controller,False,20,0.3010033444816054,89.95850205906606,4.761600401291654
no controller,False,20,0.4013377926421405,89.89177031137561,4.528918538668957
no controller,False,20,0.5016722408026756,89.77436822740238,4.227763542399223
no controller,False,20,0.6020066889632107,89.5957182495303,3.8709588138436914
no controller,False,20,0.7023411371237458,89.35219300897901,3.4747749733828464
no controller,False,20,0.802675585284281,89.05147088668011,3.0567808934468017
no controller,False,20,0.9030100334448161,88.71659154989112,2.6342174153918227
no controller,False,20,1.0033444816053512,88.38759145564397,2.222788367173081
no controller,False,20,1.1036789297658862,88.11773868811628,1.8358085689400696
no controller,False,20,1.2040133779264215,87.96038525488423,1.4836353387607895
no controller,False,20,1.3043478260869565,87.94820578255516,1.1730046289113392
no controller,False,20,1.4046822742474916,88.07263395881952,0.9070628057307147
no controller,False,20,1.5050167224080269,88.27252550617065,0.6858389620807616
no controller,False,20,1.605351170568562,88.44741591788663,0.5069261194157816
no controller,False,20,1.705685618729097,88.50123491652612,0.3662134230027634
no controller,False,20,1.8060200668896322,88.4006304378317,0.2585381915916932
no controller,False,20,1.9063545150501673,88.20838323604502,0.1783387164340499
no controller,False,20,2.0066889632107023,88.0519556456486,0.12017584398425757
no controller,False,20,2.1070234113712374,88.0295247654283,0.07909507280582048
no controller,False,20,2.2073578595317724,88.12248526091722,0.050843148635422865
no controller,False,20,2.307692307692308,88.20650411275615,0.031915875633562685
no controller,False,20,2.408026755852843,88.17542933386402,0.019562862078267854
no controller,False,20,2.508361204013378,88.05850787891255,0.01170755300174057
no controller,False,20,2.608695652173913,87.98288585185654,0.006839900907868064
no controller,False,20,2.709030100334448,88.00851847244978,0.003900231683938393
no controller,False,20,2.809364548494983,88.05142984105304,0.0021696103456829334
no controller,False,20,2.9096989966555187,88.01590820375758,0.0011768835808708175
no controller,False,20,3.0100334448160537,87.94126278054564,0.0006222020541842427
no controller,False,20,3.1103678929765888,87.92225732394063,0.0003220403852036045
no controller,False,20,3.210702341137124,87.94213691666081,0.0001647044368536838
no controller,False,20,3.311036789297659,87.92144914714034,8.368691501194802e-05
no controller,False,20,3.411371237458194,87.8698459506344,4.2471107572326406e-05
no controller,False,20,3.511705685618729,87.84856926456435,2.157786477849814e-05
no controller,False,20,3.6120401337792645,87.85239523792352,1.1000027858431682e-05
no controller,False,20,3.7123745819397995,87.86643195799999,5.630018998121147e-06
no controller,False,20,3.8127090301003346,87.89467291889112,2.8952573567159855e-06
no controller,False,20,3.9130434782608696,87.91767895835525,1.4982668461153696e-06
no controller,False,20,4.013377926421405,87.92962913125385,7.805209732367879e-07
no controller,False,20,4.11371237458194,87.94468136599087,4.09370252430402e-07
no controller,False,20,4.214046822742475,87.96844414758287,2.161249424025347e-07
no controller,False,20,4.31438127090301,87.99097575163374,1.1486121451027773e-07
no controller,False,20,4.414715719063545,88.00671582629512,6.151529506044974e-08
no controller,False,20,4.51505016722408,88.02220128357918,3.3206397130933874e-08
no controller,False,20,4.615384615384616,88.04282557508424,1.8063990684354042e-08
no controller,False,20,4.7157190635451505,88.06485722215622,9.901994153984146e-09
no controller,False,20,4.816053511705686,88.08334879590572,5.468438985467233e-09
no controller,False,20,4.916387959866221,88.09976313100104,3.042222091051754e-09
no controller,False,20,5.016722408026756,88.11826354364015,1.7047118078082137e-09
no controller,False,20,5.117056856187291,88.13910233775012,9.621177217114815e-10
no controller,False,20,5.217391304347826,88.15921761663375,5.468018068752729e-10
no controller,False,20,5.317725752508362,88.17726005110728,3.128881269146146e-10
no controller,False,20,5.418060200668896,88.19501881728635,1.8024503714146926e-10
no controller,False,20,5.518394648829432,88.21428933980884,1.045208558224657e-10
no controller,False,20,5.618729096989966,88.2345187556915,6.100542072355998e-11
no controller,False,20,5.719063545150502,88.25308735031824,3.583312796848288e-11
no controller,False,20,5.819397993311037,88.26643125778945,2.1172083160275252e-11
no controller,False,20,5.919732441471572,88.2772752474586,1.2589937945265452e-11
no controller,False,20,6.0200668896321075,88.29083944334272,7.5313604901859e-12
no controller,False,20,6.120401337792642,88.30798088098734,4.5319308401266e-12
no controller,False,20,6.2207357859531776,88.32515584459405,2.7429588667318334e-12
no controller,False,20,6.321070234113712,88.33953060311964,1.6657159349574412e-12
no controller,False,20,6.421404682274248,88.3520518191889,1.0206453057203348e-12
no controller,False,20,6.521739130434783,88.36556649158787,6.285220433877642e-13
no controller,False,20,6.622073578595318,88.38126049924439,3.8896669024521355e-13
no controller,False,20,6.722408026755853,88.39772576117844,2.4203562288139385e-13
no controller,False,20,6.822742474916388,88.41302301544422,1.5142950635827378e-13
no controller,False,20,6.923076923076923,88.42683199324473,9.522085233194478e-14
no controller,False,20,7.023411371237458,88.44044091065196,6.020410747174396e-14
no controller,False,20,7.1237458193979935,88.45510195647698,3.825749702814844e-14
no controller,False,20,7.224080267558529,88.47078954588727,2.4423365727919427e-14
no controller,False,20,7.3244147157190636,88.48649017430886,1.5663867252339268e-14
no controller,False,20,7.424749163879599,88.50138259512853,1.0099813148191053e-14
no controller,False,20,7.525083612040134,88.51557903289527,6.542055972241509e-15
no controller,False,20,7.625418060200669,88.52983183769179,4.257415139584421e-15
no controller,False,20,7.725752508361205,88.54471536292773,3.913324571872232e-15
no controller,False,20,7.826086956521739,88.56014496485024,2.9904551383514832e-15
no controller,False,20,7.926421404682275,88.5755864607269,1.9436505625081014e-15
no controller,False,20,8.02675585284281,88.59060329533258,1.288097318236425e-15
no controller,False,20,8.127090301003344,88.60521624160053,8.574012511575826e-16
no controller,False,20,8.22742474916388,88.6197174249394,-3.212985166324412e-14
no controller,False,20,8.327759197324415,88.62692695614265,-3.852830012666252e-14
no controller,False,20,8.42809364548495,88.6144558416287,-2.4421481091057135e-14
no controller,False,20,8.528428093645486,88.58622197213975,-1.6379668773768105e-14
no controller,False,20,8.62876254180602,88.5577046051576,-1.1077469616053914e-14
no controller,False,20,8.729096989966555,88.54204355901797,-7.874503325669585e-15
no controller,False,20,8.82943143812709,88.5402270922703,-5.66015236770514e-15
no controller,False,20,8.929765886287626,88.54243073748744,-3.8756614873020784e-15
no controller,False,20,9.03010033444816,88.537280300686,-2.573471713431755e-15
no controller,False,20,9.130434782608695,88.52035473388565,-1.3712223606936389e-15
no controller,False,20,9.230769230769232,88.49608520446688,-9.651492816426855e-16
no controller,False,20,9.331103678929766,88.47318063905625,-6.741644995108808e-16
no controller,False,20,9.431438127090301,88.45791099776376,-5.092979284792025e-16
no controller,False,20,9.531772575250836,88.45022214510936,-4.4283123733279483e-16
no controller,False,20,9.632107023411372,88.44483269113564,-3.015289234457006e-16
no controller,False,20,9.732441471571907,88.43559922229959,-2.1379297582469888e-16
no controller,False,20,9.832775919732441,88.41961215621302,-1.297470994571176e-16
no controller,False,20,9.933110367892978,88.39848561317476,-8.13599672229626e-17
no controller,False,20,10.033444816053512,88.37661405551138,-7.494609806465432e-17
no controller,False,20,10.133779264214047,88.35803611735875,-5.340899322579779e-17
no controller,False,20,10.234113712374581,88.34405615939544,-4.29613688705245e-17
no controller,False,20,10.334448160535118,88.33291134299641,-3.332789465896085e-17
no controller,False,20,10.434782608695652,88.32129553575139,-2.2896773116753878e-17
no controller,False,20,10.535117056856187,88.30649633163735,-1.668777322100742e-17
no controller,False,20,10.635451505016723,88.28781640783292,-1.2153558032678132e-17
no controller,False,20,10.735785953177258,88.2666341651294,-8.862751548893904e-18
no controller,False,20,10.836120401337793,88.24532969797657,2.4744282884369375e-17
no controller,False,20,10.936454849498329,88.2258606065782,1.3788655351225669e-16
no controller,False,20,11.036789297658864,88.20880212160722,1.6759036404171254e-16
no controller,False,20,11.137123745819398,88.19326544091082,1.2411126221674143e-16
no controller,False,20,11.237458193979933,88.177573553892,9.241429351405987e-17
no controller,False,20,11.33779264214047,88.16021377923494,6.900435483982498e-17
no controller,False,20,11.438127090301004,88.14054702341886,5.1750354381452445e-17
no controller,False,20,11.538461538461538,88.11897768416058,3.855302133120301e-17
no controller,False,20,11.638795986622075,88.0965937257486,2.933060579740252e-17
no controller,False,20,11.73913043478261,88.07310982621806,2.2234357961765694e-17
no controller,False,20,11.839464882943144,88.0465677282089,3.1641603571148946e-17
no controller,False,20,11.939799331103679,88.01634709694994,3.2291064311140393e-17
no controller,False,20,12.040133779264215,87.9833411281258,2.170215943462373e-17
no controller,False,20,12.14046822742475,87.94937231751312,1.6966536270094216e-17
no controller,False,20,12.240802675585284,87.91631372852257,-2.785070243947635e-18
no controller,False,20,12.34113712374582,87.8852913371156,-4.251629957509408e-17
no controller,False,20,12.441471571906355,87.85631116082355,-4.5775453033179537e-17
no controller,False,20,12.54180602006689,87.82842547812714,-3.616970476438283e-17
no controller,False,20,12.642140468227424,87.80026689804062,-2.9548679610515346e-17
no controller,False,20,12.74247491638796,87.77064253933267,-2.8365485330467027e-17
no controller,False,20,12.842809364548495,87.73894145549097,-1.957464361803656e-17
no controller,False,20,12.94314381270903,87.70525691854839,5.7565893061097234e-18
no controller,False,20,13.043478260869566,87.6702471098385,5.680244068361305e-18
no controller,False,20,13.143812709030101,87.63482538986148,5.158028683842583e-18
no controller,False,20,13.244147157190636,87.59980521737506,3.948462815852363e-18
no controller,False,20,13.34448160535117,87.56562761789556,2.708824125144926e-17
no controller,False,20,13.444816053511706,87.53225808053476,3.4802776351926794e-17
no controller,False,20,13.545150501672241,87.49926452351508,2.4667150294205275e-17
no controller,False,20,13.645484949832776,87.46601661550964,6.521876652877232e-17
no controller,False,20,13.745819397993312,87.43191397906921,-1.0567856832107197e-17
no controller,False,20,13.846153846153847,87.39656364371932,-1.3014710069694242e-18
no controller,False,20,13.946488294314381,87.35986379637554,-1.645582741729721e-18
no controller,False,20,14.046822742474916,87.32198855991278,-1.7263032269331655e-18
no controller,False,20,14.147157190635452,87.28329656134184,5.408627488411184e-17
no controller,False,20,14.247491638795987,87.24420063936913,1.894918352250913e-16
no controller,False,20,14.347826086956522,87.2050407251141,1.5258926635010294e-16
no controller,False,20,14.448160535117058,87.16599494809434,1.2760461396044748e-16
no controller,False,20,14.548494983277592,87.12704908506524,1.0813270752825765e-16
no controller,False,20,14.648829431438127,87.08802348462481,8.80314124041392e-17
no controller,False,20,14.749163879598662,87.04864019691784,4.070785491783596e-17
no controller,False,20,14.849498327759198,87.00860473140003,1.0977762294023066e-18
no controller,False,20,14.949832775919733,86.96767825350251,-1.5761562688242688e-19
no controller,False,20,15.050167224080267,86.92572427817883,-3.775044161594573e-18
no controller,False,20,15.150501672240804,86.88272320362461,-5.255310589769226e-18
no controller,False,20,15.250836120401338,86.83875736192029,-4.898352858890459e-18
no controller,False,20,15.351170568561873,86.79397495355113,2.7851824618744993e-18
no controller,False,20,15.45150501672241,86.74854431925492,2.5560374025842287e-17
no controller,False,20,15.551839464882944,86.70261022606611,2.4091602612566706e-17
no controller,False,20,15.652173913043478,86.6562613672584,1.7413614455902476e-17
no controller,False,20,15.752508361204013,86.60951464828044,1.4747500667772414e-17
no controller,False,20,15.85284280936455,86.56231692858601,1.1513657087446003e-17
no controller,False,20,15.953177257525084,86.51456096647722,1.3718423312531829e-17
no controller,False,20,16.05351170568562,86.46610979605111,-1.3386015251104404e-17
no controller,False,20,16.153846153846153,86.41682305174136,-7.160205911969756e-17
no controller,False,20,16.254180602006688,86.36657967629051,-7.812751612398008e-17
no controller,False,20,16.354515050167226,86.31529334591252,-6.266825672650971e-17
no controller,False,20,16.45484949832776,86.26291899986714,-5.435700909296285e-17
no controller,False,20,16.555183946488295,86.2094508435576,-4.126501379301045e-17
no controller,False,20,16.65551839464883,86.15491362284848,-3.29907976529567e-17
no controller,False,20,16.755852842809364,86.09934709885982,-2.6630302639368178e-17
no controller,False,20,16.8561872909699,86.04299216582857,3.8270886476191657e-16
no controller,False,20,16.956521739130434,85.98833142170254,4.004370031379867e-17
no controller,False,20,17.056856187290972,85.93811344579609,6.01490583155378e-17
no controller,False,20,17.157190635451506,85.8939850054999,5.0613202686969366e-17
no controller,False,20,17.25752508361204,85.85637946654826,4.933281400585281e-17
no controller,False,20,17.357859531772576,85.82460091132059,4.457916246425481e-17
no controller,False,20,17.45819397993311,85.7970624211612,3.7726247584080705e-17
no controller,False,20,17.558528428093645,85.77161763017361,3.3205691639522413e-17
no controller,False,20,17.65886287625418,85.74592231217542,2.850372134683699e-17
no controller,False,20,17.759197324414718,85.71777001503297,2.4938044039090583e-17
no controller,False,20,17.859531772575252,85.68535982393801,3.085910070314937e-17
no controller,False,20,17.959866220735787,85.64747153124046,3.3651326905811715e-17
no controller,False,20,18.06020066889632,85.6035406257973,3.2932889604522726e-17
no controller,False,20,18.160535117056856,85.55364016850848,2.8962432393236865e-17
no controller,False,20,18.26086956521739,85.49838740857005,2.5518482744636856e-17
no controller,False,20,18.361204013377925,85.43879918058266,2.0248375543054342e-17
no controller,False,20,18.461538461538463,85.37612197690699,1.8072940681554595e-17
no controller,False,20,18.561872909698998,85.311660801313,1.3693541851445147e-17
no controller,False,20,18.662207357859533,85.24662673203308,1.7288772813190606e-17
no controller,False,20,18.762541806020067,85.18201665377617,1.8803467103922735e-17
no controller,False,20,18.862876254180602,85.1185330911916,2.079361503371648e-17
no controller,False,20,18.963210702341136,85.0565459143275,1.964859680074366e-17
no controller,False,20,19.06354515050167,84.9960925790343,1.8723974394674494e-17
no controller,False,20,19.16387959866221,84.93691039571426,1.8224336512475947e-17
no controller,False,20,19.264214046822744,84.87849213195123,1.6521568424363188e-17
no controller,False,20,19.36454849498328,84.82015554968801,1.4433676955056047e-17
no controller,False,20,19.464882943143813,84.76111792752148,1.189534974498081e-17
no controller,False,20,19.565217391304348,84.70056781139519,1.6952204724933158e-17
no controller,False,20,19.665551839464882,84.63772796593696,1.7883988153692224e-17
no controller,False,20,19.765886287625417,84.57190558197904,1.9089737580789064e-17
no controller,False,20,19.866220735785955,84.5025277256674,1.7049907866468356e-17
no controller,False,20,19.96655518394649,84.42916134350553,1.8716275819606042e-17
no controller,False,20,20.066889632107024,84.35151914865976,1.924303474883879e-17
no controller,False,20,20.16722408026756,84.26945325418231,1.4080445243869892e-17
no controller,False,20,20.267558528428093,84.18293920751263,1.2810233144159432e-17
no controller,False,20,20.367892976588628,84.09205330275078,1.2046289727925836e-17
no controller,False,20,20.468227424749163,83.9969460168974,7.44888270794948e-18
no controller,False,20,20.5685618729097,83.89781413568389,1.4187972859145358e-18
no controller,False,20,20.668896321070235,83.79487373222891,1.7888551854462205e-17
no controller,False,20,20.76923076923077,83.68833569726166,4.4713055699149956e-17
no controller,False,20,20.869565217391305,83.5783849188871,4.9542312758016554e-17
no controller,False,20,20.96989966555184,83.46516379342607,4.213351045126184e-17
no controller,False,20,21.070234113712374,83.34876029297185,3.7983337095171966e-17
no controller,False,20,21.17056856187291,83.2292005135748,3.0729384392860257e-17
no controller,False,20,21.270903010033447,83.10644519304651,2.6681403428348797e-17
no controller,False,20,21.37123745819398,82.98038974324643,3.2956347818860236e-17
no controller,False,20,21.471571906354516,82.85086708434402,2.3499435705048905e-17
no controller,False,20,21.57190635451505,82.71765245332027,2.2723902150712935e-17
no controller,False,20,21.672240802675585,82.58046969506758,9.706093667068038e-18
no controller,False,20,21.77257525083612,82.4389982421152,2.0636534674007908e-17
no controller,False,20,21.872909698996658,82.29288030337408,1.5863486285096503e-17
no controller,False,20,21.973244147157192,82.14172780392751,1.7128616748586143e-17
no controller,False,20,22.073578595317727,81.98512874525667,4.329366229734741e-17
no controller,False,20,22.17391304347826,81.82265273676612,5.3910394467455497e-17
no controller,False,20,22.274247491638796,81.65385555908108,7.812454778979134e-17
no controller,False,20,22.37458193979933,81.47828271136954,7.576299717962864e-17
no controller,False,20,22.474916387959865,81.29547193766024,7.771545755757867e-17
no controller,False,20,22.575250836120404,81.10495479326224,8.164953743360061e-17
no controller,False,20,22.67558528428094,80.90625735107018,1.0804184613053349e-16
no controller,False,20,22.775919732441473,80.69890017777202,1.437698800993482e-16
no controller,False,20,22.876254180602007,80.48239770333396,1.7010499070973106e-16
no controller,False,20,22.976588628762542,80.25625714921608,1.4547599248805382e-16
no controller,False,20,23.076923076923077,80.01997715101007,1.6575081874198572e-16
no controller,False,20,23.17725752508361,79.7730462146935,1.5613804815244988e-16
no controller,False,20,23.27759197324415,79.51494114225824,1.3711455452467673e-16
no controller,False,20,23.377926421404684,79.24512555173253,2.0393514173115775e-16
no controller,False,20,23.47826086956522,78.96304860594589,1.7712269591658172e-16
no controller,False,20,23.578595317725753,78.6681440350036,1.953247438023641e-16
no controller,False,20,23.678929765886288,78.35982957743569,8.937379195103473e-17
no controller,False,20,23.779264214046822,78.0375069041587,4.7678144240531276e-17
no controller,False,20,23.879598662207357,77.70056211744306,9.218205826100003e-17
no controller,False,20,23.979933110367895,77.34836690158674,8.161694529849536e-17
no controller,False,20,24.08026755852843,76.98028040345035,-2.793617945449976e-17
no controller,False,20,24.180602006688964,76.59565191311695,-9.018163306306803e-17
no controller,False,20,24.2809364548495,76.19382441165838,-2.704479142771341e-16
no controller,False,20,24.381270903010034,75.77413905881157,-3.2404874960111587e-16
no controller,False,20,24.48160535117057,75.3359406675557,-2.9916794445507344e-16
no controller,False,20,24.581939799331103,74.87858420487049,-3.2021373842414162e-16
no controller,False,20,24.68227424749164,74.40144232772157,-3.956018625164433e-16
no controller,False,20,24.782608695652176,73.90391390496461,-4.3006783540190856e-16
no controller,False,20,24.88294314381271,73.38543346555056,-3.993507893763215e-16
no controller,False,20,24.983277591973245,72.84548127111934,-5.936959244503695e-16
no controller,False,20,25.08361204013378,72.28359370650139,-5.769609646538527e-16
no controller,False,20,25.183946488294314,71.6993732374294,-6.434018646604381e-16
no controller,False,20,25.28428093645485,71.09249709488252,-4.879749381809818e-16
no controller,False,20,25.384615384615387,70.46272279883206,-4.4323739452731036e-16
no controller,False,20,25.48494983277592,69.80988815756987,-3.1353983238264727e-16
no controller,False,20,25.585284280936456,69.13390167102199,2.439299555828e-16
no controller,False,20,25.68561872909699,68.4347172942558,2.0965696736852437e-16
no controller,False,20,25.785953177257525,67.71228434163378,-1.3669052246456411e-15
no controller,False,20,25.88628762541806,66.96645880542263,2.665712686933334e-16
no controller,False,20,25.986622073578594,66.19685731780392,2.797857685358032e-15
no controller,False,20,26.086956521739133,65.40263072075577,2.5493564042709615e-15
no controller,False,20,26.187290969899667,64.58213595163534,3.147967597715236e-15
no controller,False,20,26.287625418060202,63.73250238256248,3.282178984330101e-15
no controller,False,20,26.387959866220736,62.84911995805049,3.019042022307791e-15
no controller,False,20,26.48829431438127,61.92511475941091,3.698811256110169e-15
no controller,False,20,26.588628762541806,60.95089230960419,3.621698392464019e-15
no controller,False,20,26.68896321070234,59.91380993184933,2.2146882406007847e-15
no controller,False,20,26.78929765886288,58.798003093691435,8.95857178770561e-16
no controller,False,20,26.889632107023413,57.58436181903799,2.593695728894798e-16
no controller,False,20,26.989966555183948,56.25064153616528,2.570501818522643e-16
no controller,False,20,27.090301003344482,54.771693432103454,2.291527220545862e-17
no controller,False,20,27.190635451505017,53.1198044802199,3.585093188418076e-15
no controller,False,20,27.29096989966555,51.26514249688511,5.225436645236787e-15
no controller,False,20,27.391304347826086,49.17630419140055,3.5002803875993686e-15
no controller,False,20,27.491638795986624,46.8209633803542,4.960126347074735e-16
no controller,False,20,27.59197324414716,44.16661343877203,-3.914128991981053e-15
no controller,False,20,27.692307692307693,41.181390832222775,-5.257658391210786e-15
no controller,False,20,27.792642140468228,37.83495680614887,-1.684232073135434e-15
no controller,False,20,27.892976588628763,34.0994028525539,-4.469356688175772e-15
no controller,False,20,27.993311036789297,29.950134409299878,5.437248952363021e-15
no controller,False,20,28.093645484949832,25.36667932381738,1.0816568001371234e-14
no controller,False,20,28.19397993311037,20.333366826695418,-1.1573669661914678e-14
no controller,False,20,28.294314381270905,14.839833367785513,-1.923241770976773e-14
no controller,False,20,28.39464882943144,8.881336531409485,-2.4276292907348574e-14
no controller,False,20,28.494983277591974,2.4588979727468834,-2.103576990487881e-14
no controller,False,20,28.59531772575251,-4.4206521194616295,1.0813933231592854e-14
no controller,False,20,28.695652173913043,-11.744600372637702,3.345062142727247e-14
no controller,False,20,28.795986622073578,-19.494067314128444,4.661957959782673e-14
no controller,False,20,28.896321070234116,-27.643309669387197,4.969809894410876e-14
no controller,False,20,28.99665551839465,-36.15841004798697,1.386398493036619e-15
no controller,False,20,29.096989966555185,-44.99521914355646,8.003125524816709e-14
no controller,False,20,29.19732441471572,-54.0965487310599,1.0102244178873431e-13
no controller,False,20,29.297658862876254,-63.388825735580575,1.528232917784094e-13
no controller,False,20,29.39799331103679,-72.77869628130286,1.4663743155929696e-13
no controller,False,20,29.498327759197323,-82.15035765066649,2.968051613191115e-14
no controller,False,20,29.59866220735786,-88.61502497939084,5.4490188049250285e-14
no controller,False,20,29.698996655518396,-79.73917079959975,2.412463709970627e-14
no controller,False,20,29.79933110367893,-71.33873863478001,4.602718361052812e-14
no controller,False,20,29.899665551839465,-63.61998714395137,6.446818120144962e-14
no controller,False,20,30.0,-56.76717430192634,4.792395655092084e-14
no controller,False,100,0.0,90.0,5.0
no controller,False,100,0.10033444816053512,89.99775457869542,4.985344645981579
no controller,False,100,0.20066889632107024,89.98861470172506,4.917049998865736
no controller,False,100,0.3010033444816054,89.95850205906606,4.761600401291654
no controller,False,100,0.4013377926421405,89.89177031137561,4.528918538668957
no controller,False,100,0.5016722408026756,89.77436822740238,4.227763542399223
no controller,False,100,0.6020066889632107,89.5957182495303,3.8709588138436914
no controller,False,100,0.7023411371237458,89.35219300897901,3.4747749733828464
no controller,False,100,0.802675585284281,89.05147088668011,3.0567808934468017
no controller,False,100,0.9030100334448161,88.71659154989112,2.6342174153918227
no controller,False,100,1.0033444816053512,88.38759145564397,2.222788367173081
no controller,False,100,1.1036789297658862,88.11773868811628,1.8358085689400696
no controller,False,100,1.2040133779264215,87.96038525488423,1.4836353387607895
no controller,False,100,1.3043478260869565,87.94820578255516,1.1730046289113392
no controller,False,100,1.4046822742474916,88.07263395881952,0.9070628057307147
no controller,False,100,1.5050167224080269,88.27252550617065,0.6858389620807616
no controller,False,100,1.605351170568562,88.44741591788663,0.5069261194157816
no controller,False,100,1.705685618729097,88.50123491652612,0.3662134230027634
no controller,False,100,1.8060200668896322,88.4006304378317,0.2585381915916932
no controller,False,100,1.9063545150501673,88.20838323604502,0.1783387164340499
no controller,False,100,2.0066889632107023,88.0519556456486,0.12017584398425757
no controller,False,100,2.1070234113712374,88.0295247654283,0.07909507280582048
no controller,False,100,2.2073578595317724,88.12248526091722,0.050843148635422865
no controller,False,100,2.307692307692308,88.20650411275615,0.031915875633562685
no controller,False,100,2.408026755852843,88.17542933386402,0.019562862078267854
no controller,False,100,2.508361204013378,88.05850787891255,0.01170755300174057
no controller,False,100,2.608695652173913,87.98288585185654,0.006839900907868064
no controller,False,100,2.709030100334448,88.00851847244978,0.003900231683938393
no controller,False,100,2.809364548494983,88.05142984105304,0.0021696103456829334
no controller,False,100,2.9096989966555187,88.01590820375758,0.0011768835808708175
no controller,False,100,3.0100334448160537,87.94126278054564,0.0006222020541842427
no controller,False,100,3.1103678929765888,87.92225732394063,0.0003220403852036045
no controller,False,100,3.210702341137124,87.94213691666081,0.0001647044368536838
no controller,False,100,3.311036789297659,87.92144914714034,8.368691501194802e-05
no controller,False,100,3.411371237458194,87.8698459506344,4.2471107572326406e-05
no controller,False,100,3.511705685618729,87.84856926456435,2.157786477849814e-05
no controller,False,100,3.6120401337792645,87.85239523792352,1.1000027858431682e-05
no controller,False,100,3.7123745819397995,87.86643195799999,5.630018998121147e-06
no controller,False,100,3.8127090301003346,87.89467291889112,2.8952573567159855e-06
no controller,False,100,3.9130434782608696,87.91767895835525,1.4982668461153696e-06
no controller,False,100,4.013377926421405,87.92962913125385,7.805209732367879e-07
no controller,False,100,4.11371237458194,87.94468136599087,4.09370252430402e-07
no controller,False,100,4.214046822742475,87.96844414758287,2.161249424025347e-07
no controller,False,100,4.31438127090301,87.99097575163374,1.1486121451027773e-07
no controller,False,100,4.414715719063545,88.00671582629512,6.151529506044974e-08
no controller,False,100,4.51505016722408,88.02220128357918,3.3206397130933874e-08
no controller,False,100,4.615384615384616,88.04282557508424,1.8063990684354042e-08
no controller,False,100,4.7157190635451505,88.06485722215622,9.901994153984146e-09
no controller,False,100,4.816053511705686,88.08334879590572,5.468438985467233e-09
no controller,False,100,4.916387959866221,88.09976313100104,3.042222091051754e-09
no controller,False,100,5.016722408026756,88.11826354364015,1.7047118078082137e-09
no controller,False,100,5.117056856187291,88.13910233775012,9.621177217114815e-10
no controller,False,100,5.217391304347826,88.15921761663375,5.468018068752729e-10
no controller,False,100,5.317725752508362,88.17726005110728,3.128881269146146e-10
no controller,False,100,5.418060200668896,88.19501881728635,1.8024503714146926e-10
no controller,False,100,5.518394648829432,88.21428933980884,1.045208558224657e-10
no controller,False,100,5.618729096989966,88.2345187556915,6.100542072355998e-11
no controller,False,100,5.719063545150502,88.25308735031824,3.583312796848288e-11
no controller,False,100,5.819397993311037,88.26643125778945,2.1172083160275252e-11
no controller,False,100,5.919732441471572,88.2772752474586,1.2589937945265452e-11
no controller,False,100,6.0200668896321075,88.29083944334272,7.5313604901859e-12
no controller,False,100,6.120401337792642,88.30798088098734,4.5319308401266e-12
no controller,False,100,6.2207357859531776,88.32515584459405,2.7429588667318334e-12
no controller,False,100,6.321070234113712,88.33953060311964,1.6657159349574412e-12
no controller,False,100,6.421404682274248,88.3520518191889,1.0206453057203348e-12
no controller,False,100,6.521739130434783,88.36556649158787,6.285220433877642e-13
no controller,False,100,6.622073578595318,88.38126049924439,3.8896669024521355e-13
no controller,False,100,6.722408026755853,88.39772576117844,2.4203562288139385e-13
no controller,False,100,6.822742474916388,88.41302301544422,1.5142950635827378e-13
no controller,False,100,6.923076923076923,88.42683199324473,9.522085233194478e-14
no controller,False,100,7.023411371237458,88.44044091065196,6.020410747174396e-14
no controller,False,100,7.1237458193979935,88.45510195647698,3.825749702814844e-14
no controller,False,100,7.224080267558529,88.47078954588727,2.4423365727919427e-14
no controller,False,100,7.3244147157190636,88.48649017430886,1.5663867252339268e-14
no controller,False,100,7.424749163879599,88.50138259512853,1.0099813148191053e-14
no controller,False,100,7.525083612040134,88.51557903289527,6.542055972241509e-15
no controller,False,100,7.625418060200669,88.52983183769179,4.257415139584421e-15
no controller,False,100,7.725752508361205,88.54471536292773,3.913324571872232e-15
no controller,False,100,7.826086956521739,88.56014496485024,2.9904551383514832e-15
no controller,False,100,7.926421404682275,88.5755864607269,1.9436505625081014e-15
no controller,False,100,8.02675585284281,88.59060329533258,1.288097318236425e-15
no controller,False,100,8.127090301003344,88.60521624160053,8.574012511575826e-16
no controller,False,100,8.22742474916388,88.6197174249394,-3.212985166324412e-14
no controller,False,100,8.327759197324415,88.62692695614265,-3.852830012666252e-14
no controller,False,100,8.42809364548495,88.6144558416287,-2.4421481091057135e-14
no controller,False,100,8.528428093645486,88.58622197213975,-1.6379668773768105e-14
no controller,False,100,8.62876254180602,88.5577046051576,-1.1077469616053914e-14
no controller,False,100,8.729096989966555,88.54204355901797,-7.874503325669585e-15
no controller,False,100,8.82943143812709,88.5402270922703,-5.66015236770514e-15
no controller,False,100,8.929765886287626,88.54243073748744,-3.8756614873020784e-15
no controller,False,100,9.03010033444816,88.537280300686,-2.573471713431755e-15
no controller,False,100,9.130434782608695,88.52035473388565,-1.3712223606936389e-15
no controller,False,100,9.230769230769232,88.49608520446688,-9.651492816426855e-16
no controller,False,100,9.331103678929766,88.47318063905625,-6.741644995108808e-16
no controller,False,100,9.431438127090301,88.45791099776376,-5.092979284792025e-16
no controller,False,100,9.531772575250836,88.45022214510936,-4.4283123733279483e-16
no controller,False,100,9.632107023411372,88.44483269113564,-3.015289234457006e-16
no controller,False,100,9.732441471571907,88.43559922229959,-2.1379297582469888e-16
no controller,False,100,9.832775919732441,88.41961215621302,-1.297470994571176e-16
no controller,False,100,9.933110367892978,88.39848561317476,-8.13599672229626e-17
no controller,False,100,10.033444816053512,88.37661405551138,-7.494609806465432e-17
no controller,False,100,10.133779264214047,88.35803611735875,-5.340899322579779e-17
no controller,False,100,10.234113712374581,88.34405615939544,-4.29613688705245e-17
no controller,False,100,10.334448160535118,88.33291134299641,-3.332789465896085e-17
no controller,False,100,10.434782608695652,88.32129553575139,-2.2896773116753878e-17
no controller,False,100,10.535117056856187,88.30649633163735,-1.668777322100742e-17
no controller,False,100,10.635451505016723,88.28781640783292,-1.2153558032678132e-17
no controller,False,100,10.735785953177258,88.2666341651294,-8.862751548893904e-18
no controller,False,100,10.836120401337793,88.24532969797657,2.4744282884369375e-17
no controller,False,100,10.936454849498329,88.2258606065782,1.3788655351225669e-16
no controller,False,100,11.036789297658864,88.20880212160722,1.6759036404171254e-16
no controller,False,100,11.137123745819398,88.19326544091082,1.2411126221674143e-16
no controller,False,100,11.237458193979933,88.177573553892,9.241429351405987e-17
no controller,False,100,11.33779264214047,88.16021377923494,6.900435483982498e-17
no controller,False,100,11.438127090301004,88.14054702341886,5.1750354381452445e-17
no controller,False,100,11.538461538461538,88.11897768416058,3.855302133120301e-17
no controller,False,100,11.638795986622075,88.0965937257486,2.933060579740252e-17
no controller,False,100,11.73913043478261,88.07310982621806,2.2234357961765694e-17
no controller,False,100,11.839464882943144,88.0465677282089,3.1641603571148946e-17
no controller,False,100,11.939799331103679,88.01634709694994,3.2291064311140393e-17
no controller,False,100,12.040133779264215,87.9833411281258,2.170215943462373e-17
no controller,False,100,12.14046822742475,87.94937231751312,1.6966536270094216e-17
no controller,False,100,12.240802675585284,87.91631372852257,-2.785070243947635e-18
no controller,False,100,12.34113712374582,87.8852913371156,-4.251629957509408e-17
no controller,False,100,12.441471571906355,87.85631116082355,-4.5775453033179537e-17
no controller,False,100,12.54180602006689,87.82842547812714,-3.616970476438283e-17
no controller,False,100,12.642140468227424,87.80026689804062,-2.9548679610515346e-17
no controller,False,100,12.74247491638796,87.77064253933267,-2.8365485330467027e-17
no controller,False,100,12.842809364548495,87.73894145549097,-1.957464361803656e-17
no controller,False,100,12.94314381270903,87.70525691854839,5.7565893061097234e-18
no controller,False,100,13.043478260869566,87.6702471098385,5.680244068361305e-18
no controller,False,100,13.143812709030101,87.63482538986148,5.158028683842583e-18
no controller,False,100,13.244147157190636,87.59980521737506,3.948462815852363e-18
no controller,False,100,13.34448160535117,87.56562761789556,2.708824125144926e-17
no controller,False,100,13.444816053511706,87.53225808053476,3.4802776351926794e-17
no controller,False,100,13.545150501672241,87.49926452351508,2.4667150294205275e-17
no controller,False,100,13.645484949832776,87.46601661550964,6.521876652877232e-17
no controller,False,100,13.745819397993312,87.43191397906921,-1.0567856832107197e-17
no controller,False,100,13.846153846153847,87.39656364371932,-1.3014710069694242e-18
no controller,False,100,13.946488294314381,87.35986379637554,-1.645582741729721e-18
no controller,False,100,14.046822742474916,87.32198855991278,-1.7263032269331655e-18
no controller,False,100,14.147157190635452,87.28329656134184,5.408627488411184e-17
no controller,False,100,14.247491638795987,87.24420063936913,1.894918352250913e-16
no controller,False,100,14.347826086956522,87.2050407251141,1.5258926635010294e-16
no controller,False,100,14.448160535117058,87.16599494809434,1.2760461396044748e-16
no controller,False,100,14.548494983277592,87.12704908506524,1.0813270752825765e-16
no controller,False,100,14.648829431438127,87.08802348462481,8.80314124041392e-17
no controller,False,100,14.749163879598662,87.04864019691784,4.070785491783596e-17
no controller,False,100,14.849498327759198,87.00860473140003,1.0977762294023066e-18
no controller,False,100,14.949832775919733,86.96767825350251,-1.5761562688242688e-19
no controller,False,100,15.050167224080267,86.92572427817883,-3.775044161594573e-18
no controller,False,100,15.150501672240804,86.88272320362461,-5.255310589769226e-18
no controller,False,100,15.250836120401338,86.83875736192029,-4.898352858890459e-18
no controller,False,100,15.351170568561873,86.79397495355113,2.7851824618744993e-18
no controller,False,100,15.45150501672241,86.74854431925492,2.5560374025842287e-17
no controller,False,100,15.551839464882944,86.70261022606611,2.4091602612566706e-17
no controller,False,100,15.652173913043478,86.6562613672584,1.7413614455902476e-17
no controller,False,100,15.752508361204013,86.60951464828044,1.4747500667772414e-17
no controller,False,100,15.85284280936455,86.56231692858601,1.1513657087446003e-17
no controller,False,100,15.953177257525084,86.51456096647722,1.3718423312531829e-17
no controller,False,100,16.05351170568562,86.46610979605111,-1.3386015251104404e-17
no controller,False,100,16.153846153846153,86.41682305174136,-7.160205911969756e-17
no controller,False,100,16.254180602006688,86.36657967629051,-7.812751612398008e-17
no controller,False,100,16.354515050167226,86.31529334591252,-6.266825672650971e-17
no controller,False,100,16.45484949832776,86.26291899986714,-5.435700909296285e-17
no controller,False,100,16.555183946488295,86.2094508435576,-4.126501379301045e-17
no controller,False,100,16.65551839464883,86.15491362284848,-3.29907976529567e-17
no controller,False,100,16.755852842809364,86.09934709885982,-2.6630302639368178e-17
no controller,False,100,16.8561872909699,86.04299216582857,3.8270886476191657e-16
no controller,False,100,16.956521739130434,85.98833142170254,4.004370031379867e-17
no controller,False,100,17.056856187290972,85.93811344579609,6.01490583155378e-17
no controller,False,100,17.157190635451506,85.8939850054999,5.0613202686969366e-17
no controller,False,100,17.25752508361204,85.85637946654826,4.933281400585281e-17
no controller,False,100,17.357859531772576,85.82460091132059,4.457916246425481e-17
no controller,False,100,17.45819397993311,85.7970624211612,3.7726247584080705e-17
no controller,False,100,17.558528428093645,85.77161763017361,3.3205691639522413e-17
no controller,False,100,17.65886287625418,85.74592231217542,2.850372134683699e-17
no controller,False,100,17.759197324414718,85.71777001503297,2.4938044039090583e-17
no controller,False,100,17.859531772575252,85.68535982393801,3.085910070314937e-17
no controller,False,100,17.959866220735787,85.64747153124046,3.3651326905811715e-17
no controller,False,100,18.06020066889632,85.6035406257973,3.2932889604522726e-17
no controller,False,100,18.160535117056856,85.55364016850848,2.8962432393236865e-17
no controller,False,100,18.26086956521739,85.49838740857005,2.5518482744636856e-17
no controller,False,100,18.361204013377925,85.43879918058266,2.0248375543054342e-17
no controller,False,100,18.461538461538463,85.37612197690699,1.8072940681554595e-17
no controller,False,100,18.561872909698998,85.311660801313,1.3693541851445147e-17
no controller,False,100,18.662207357859533,85.24662673203308,1.7288772813190606e-17
no controller,False,100,18.762541806020067,85.18201665377617,1.8803467103922735e-17
no controller,False,100,18.862876254180602,85.1185330911916,2.079361503371648e-17
no controller,False,100,18.963210702341136,85.0565459143275,1.964859680074366e-17
no controller,False,100,19.06354515050167,84.9960925790343,1.8723974394674494e-17
no controller,False,100,19.16387959866221,84.93691039571426,1.8224336512475947e-17
no controller,False,100,19.264214046822744,84.87849213195123,1.6521568424363188e-17
no controller,False,100,19.36454849498328,84.82015554968801,1.4433676955056047e-17
no controller,False,100,19.464882943143813,84.76111792752148,1.189534974498081e-17
no controller,False,100,19.565217391304348,84.70056781139519,1.6952204724933158e-17
no controller,False,100,19.665551839464882,84.63772796593696,1.7883988153692224e-17
no controller,False,100,19.765886287625417,84.57190558197904,1.9089737580789064e-17
no controller,False,100,19.866220735785955,84.5025277256674,1.7049907866468356e-17
no controller,False,100,19.96655518394649,84.42916134350553,1.8716275819606042e-17
no controller,False,100,20.066889632107024,84.35151914865976,1.924303474883879e-17
no controller,False,100,20.16722408026756,84.26945325418231,1.4080445243869892e-17
no controller,False,100,20.267558528428093,84.18293920751263,1.2810233144159432e-17
no controller,False,100,20.367892976588628,84.09205330275078,1.2046289727925836e-17
no controller,False,100,20.468227424749163,83.9969460168974,7.44888270794948e-18
no controller,False,100,20.5685618729097,83.89781413568389,1.4187972859145358e-18
no controller,False,100,20.668896321070235,83.79487373222891,1.7888551854462205e-17
no controller,False,100,20.76923076923077,83.68833569726166,4.4713055699149956e-17
no controller,False,100,20.869565217391305,83.5783849188871,4.9542312758016554e-17
no controller,False,100,20.96989966555184,83.46516379342607,4.213351045126184e-17
no controller,False,100,21.070234113712374,83.34876029297185,3.7983337095171966e-17
no controller,False,100,21.17056856187291,83.2292005135748,3.0729384392860257e-17
no controller,False,100,21.270903010033447,83.10644519304651,2.6681403428348797e-17
no controller,False,100,21.37123745819398,82.98038974324643,3.2956347818860236e-17
no controller,False,100,21.471571906354516,82.85086708434402,2.3499435705048905e-17
no controller,False,100,21.57190635451505,82.71765245332027,2.2723902150712935e-17
no controller,False,100,21.672240802675585,82.58046969506758,9.706093667068038e-18
no controller,False,100,21.77257525083612,82.4389982421152,2.0636534674007908e-17
no controller,False,100,21.872909698996658,82.29288030337408,1.5863486285096503e-17
no controller,False,100,21.973244147157192,82.14172780392751,1.7128616748586143e-17
no controller,False,100,22.073578595317727,81.98512874525667,4.329366229734741e-17
no controller,False,100,22.17391304347826,81.82265273676612,5.3910394467455497e-17
no controller,False,100,22.274247491638796,81.65385555908108,7.812454778979134e-17
no controller,False,100,22.37458193979933,81.47828271136954,7.576299717962864e-17
no controller,False,100,22.474916387959865,81.29547193766024,7.771545755757867e-17
no controller,False,100,22.575250836120404,81.10495479326224,8.164953743360061e-17
no controller,False,100,22.67558528428094,80.90625735107018,1.0804184613053349e-16
no controller,False,100,22.775919732441473,80.69890017777202,1.437698800993482e-16
no controller,False,100,22.876254180602007,80.48239770333396,1.7010499070973106e-16
no controller,False,100,22.976588628762542,80.25625714921608,1.4547599248805382e-16
no controller,False,100,23.076923076923077,80.01997715101007,1.6575081874198572e-16
no controller,False,100,23.17725752508361,79.7730462146935,1.5613804815244988e-16
no controller,False,100,23.27759197324415,79.51494114225824,1.3711455452467673e-16
no controller,False,100,23.377926421404684,79.24512555173253,2.0393514173115775e-16
no controller,False,100,23.47826086956522,78.96304860594589,1.7712269591658172e-16
no controller,False,100,23.578595317725753,78.6681440350036,1.953247438023641e-16
no controller,False,100,23.678929765886288,78.35982957743569,8.937379195103473e-17
no controller,False,100,23.779264214046822,78.0375069041587,4.7678144240531276e-17
no controller,False,100,23.879598662207357,77.70056211744306,9.218205826100003e-17
no controller,False,100,23.979933110367895,77.34836690158674,8.161694529849536e-17
no controller,False,100,24.08026755852843,76.98028040345035,-2.793617945449976e-17
no controller,False,100,24.180602006688964,76.59565191311695,-9.018163306306803e-17
no controller,False,100,24.2809364548495,76.19382441165838,-2.704479142771341e-16
no controller,False,100,24.381270903010034,75.77413905881157,-3.2404874960111587e-16
no controller,False,100,24.48160535117057,75.3359406675557,-2.9916794445507344e-16
no controller,False,100,24.581939799331103,74.87858420487049,-3.2021373842414162e-16
no controller,False,100,24.68227424749164,74.40144232772157,-3.956018625164433e-16
no controller,False,100,24.782608695652176,73.90391390496461,-4.3006783540190856e-16
no controller,False,100,24.88294314381271,73.38543346555056,-3.993507893763215e-16
no controller,False,100,24.983277591973245,72.84548127111934,-5.936959244503695e-16
no controller,False,100,25.08361204013378,72.28359370650139,-5.769609646538527e-16
no controller,False,100,25.183946488294314,71.6993732374294,-6.434018646604381e-16
no controller,False,100,25.28428093645485,71.09249709488252,-4.879749381809818e-16
no controller,False,100,25.384615384615387,70.46272279883206,-4.4323739452731036e-16
no controller,False,100,25.48494983277592,69.80988815756987,-3.1353983238264727e-16
no controller,False,100,25.585284280936456,69.13390167102199,2.439299555828e-16
no controller,False,100,25.68561872909699,68.4347172942558,2.0965696736852437e-16
no controller,False,100,25.785953177257525,67.71228434163378,-1.3669052246456411e-15
no controller,False,100,25.88628762541806,66.96645880542263,2.665712686933334e-16
no controller,False,100,25.986622073578594,66.19685731780392,2.797857685358032e-15
no controller,False,100,26.086956521739133,65.40263072075577,2.5493564042709615e-15
no controller,False,100,26.187290969899667,64.58213595163534,3.147967597715236e-15
no controller,False,100,26.287625418060202,63.73250238256248,3.282178984330101e-15
no controller,False,100,26.387959866220736,62.84911995805049,3.019042022307791e-15
no controller,False,100,26.48829431438127,61.92511475941091,3.698811256110169e-15
no controller,False,100,26.588628762541806,60.95089230960419,3.621698392464019e-15
no controller,False,100,26.68896321070234,59.91380993184933,2.2146882406007847e-15
no controller,False,100,26.78929765886288,58.798003093691435,8.95857178770561e-16
no controller,False,100,26.889632107023413,57.58436181903799,2.593695728894798e-16
no controller,False,100,26.989966555183948,56.25064153616528,2.570501818522643e-16
no controller,False,100,27.090301003344482,54.771693432103454,2.291527220545862e-17
no controller,False,100,27.190635451505017,53.1198044802199,3.585093188418076e-15
no controller,False,100,27.29096989966555,51.26514249688511,5.225436645236787e-15
no controller,False,100,27.391304347826086,49.17630419140055,3.5002803875993686e-15
no controller,False,100,27.491638795986624,46.8209633803542,4.960126347074735e-16
no controller,False,100,27.59197324414716,44.16661343877203,-3.914128991981053e-15
no controller,False,100,27.692307692307693,41.181390832222775,-5.257658391210786e-15
no controller,False,100,27.792642140468228,37.83495680614887,-1.684232073135434e-15
no controller,False,100,27.892976588628763,34.0994028525539,-4.469356688175772e-15
no controller,False,100,27.993311036789297,29.950134409299878,5.437248952363021e-15
no controller,False,100,28.093645484949832,25.36667932381738,1.0816568001371234e-14
no controller,False,100,28.19397993311037,20.333366826695418,-1.1573669661914678e-14
no controller,False,100,28.294314381270905,14.839833367785513,-1.923241770976773e-14
no controller,False,100,28.39464882943144,8.881336531409485,-2.4276292907348574e-14
no controller,False,100,28.494983277591974,2.4588979727468834,-2.103576990487881e-14
no controller,False,100,28.59531772575251,-4.4206521194616295,1.0813933231592854e-14
no controller,False,100,28.695652173913043,-11.744600372637702,3.345062142727247e-14
no controller,False,100,28.795986622073578,-19.494067314128444,4.661957959782673e-14
no controller,False,100,28.896321070234116,-27.643309669387197,4.969809894410876e-14
no controller,False,100,28.99665551839465,-36.15841004798697,1.386398493036619e-15
no controller,False,100,29.096989966555185,-44.99521914355646,8.003125524816709e-14
no controller,False,100,29.19732441471572,-54.0965487310599,1.0102244178873431e-13
no controller,False,100,29.297658862876254,-63.388825735580575,1.528232917784094e-13
no controller,False,100,29.39799331103679,-72.77869628130286,1.4663743155929696e-13
no controller,False,100,29.498327759197323,-82.15035765066649,2.968051613191115e-14
no controller,False,100,29.59866220735786,-88.61502497939084,5.4490188049250285e-14
no controller,False,100,29.698996655518396,-79.73917079959975,2.412463709970627e-14
no controller,False,100,29.79933110367893,-71.33873863478001,4.602718361052812e-14
no controller,False,100,29.899665551839465,-63.61998714395137,6.446818120144962e-14
no controller,False,100,30.0,-56.76717430192634,4.792395655092084e-14
controller 5 Hz,True,5,0.0,90.0,5.0
controller 5 Hz,True,5,0.10033444816053512,89.9977542737502,4.985539007041256
controller 5 Hz,True,5,0.20066889632107024,89.98858620878468,4.920522203693716
controller 5 Hz,True,5,0.3010033444816054,89.95839512392459,4.7819965564799265
controller 5 Hz,True,5,0.4013377926421405,89.89153699139966,4.589349540731718
controller 5 Hz,True,5,0.5016722408026756,89.77396679308073,4.356276151522848
controller 5 Hz,True,5,0.6020066889632107,89.59512280784124,4.105035299158487
controller 5 Hz,True,5,0.7023411371237458,89.3514315989278,3.841313627492573
controller 5 Hz,True,5,0.802675585284281,89.05058776079953,3.5945682318490704
controller 5 Hz,True,5,0.9030100334448161,88.71567502063267,3.352864263582824
controller 5 Hz,True,5,1.0033444816053512,88.38677105229709,3.1523088403759267
controller 5 Hz,True,5,1.1036789297658862,88.11716961409032,2.9627156673526174
controller 5 Hz,True,5,1.2040133779264215,87.96019365850226,2.8282299103099833
controller 5 Hz,True,5,1.3043478260869565,87.94842418372417,2.706889825964739
controller 5 Hz,True,5,1.4046822742474916,88.073172414369,2.6440290542168854
controller 5 Hz,True,5,1.5050167224080269,88.27314554725588,2.601661761518572
controller 5 Hz,True,5,1.605351170568562,88.4478252134706,2.6124812919606164
controller 5 Hz,True,5,1.705685618729097,88.50121854877769,2.662759230458228
controller 5 Hz,True,5,1.8060200668896322,88.40021778071142,2.753617674118754
controller 5 Hz,True,5,1.9063545150501673,88.20787042111567,2.9251427101165417
controller 5 Hz,True,5,2.0066889632107023,88.0517106092764,3.113351266068726
controller 5 Hz,True,5,2.1070234113712374,88.02964013882152,3.461595570401202
controller 5 Hz,True,5,2.2073578595317724,88.12272403198645,3.7842887996567462
controller 5 Hz,True,5,2.307692307692308,88.20660554000274,4.418089887172808
controller 5 Hz,True,5,2.408026755852843,88.17528268556265,4.94475725169796
controller 5 Hz,True,5,2.508361204013378,88.05829181638916,6.073206883202543
controller 5 Hz,True,5,2.608695652173913,87.98282996937536,6.933899148528017
controller 5 Hz,True,5,2.709030100334448,88.00865987637393,8.966981423512964
controller 5 Hz,True,5,2.809364548494983,88.05155606559771,10.412698181224933
controller 5 Hz,True,5,2.9096989966555187,88.0159268970073,14.285959729288292
controller 5 Hz,True,5,3.0100334448160537,87.94113171633329,17.327975167902107
controller 5 Hz,True,5,3.1103678929765888,87.92239093997817,24.520019415549015
controller 5 Hz,True,5,3.210702341137124,87.94234625569175,29.233613519811424
controller 5 Hz,True,5,3.311036789297659,87.92133071240987,42.71257779508946
controller 5 Hz,True,5,3.411371237458194,87.86967485200368,52.03984488989106
controller 5 Hz,True,5,3.511705685618729,87.84875144221095,74.93445433878459
controller 5 Hz,True,5,3.6120401337792645,87.85244537778071,91.13040384654845
controller 5 Hz,True,5,3.7123745819397995,87.86630733376903,129.90283515096996
controller 5 Hz,True,5,3.8127090301003346,87.8948758833829,153.5789901105356
controller 5 Hz,True,5,3.9130434782608696,87.91797690349709,219.89909159546127
controller 5 Hz,True,5,4.013377926421405,87.92970446393822,265.9788425060667
controller 5 Hz,True,5,4.11371237458194,87.94466527028261,370.2333764125449
controller 5 Hz,True,5,4.214046822742475,87.96858150779077,442.66730629586135
controller 5 Hz,True,5,4.31438127090301,87.9912034092914,609.414310938998
controller 5 Hz,True,5,4.414715719063545,88.0068354801621,713.9875094197791
controller 5 Hz,True,5,4.51505016722408,88.02223192829598,882.1806808514038
controller 5 Hz,True,5,4.615384615384616,88.0429146349397,968.45785513064
controller 5 Hz,True,5,4.7157190635451505,88.06502587709065,1011.2929155316948
controller 5 Hz,True,5,4.816053511705686,88.0834946488112,1030.952284749751
controller 5 Hz,True,5,4.916387959866221,88.09984015879228,1038.1669106224533
controller 5 Hz,True,5,5.016722408026756,88.11833674419931,1038.662217174075
controller 5 Hz,True,5,5.117056856187291,88.13922859508571,1035.51578686463
controller 5 Hz,True,5,5.217391304347826,88.15936657592411,1030.3939402880756
controller 5 Hz,True,5,5.317725752508362,88.17737746550631,1024.205231571489
controller 5 Hz,True,5,5.418060200668896,88.19510499902275,1017.4483747014865
controller 5 Hz,True,5,5.518394648829432,88.21438669955751,1010.3988368456799
controller 5 Hz,True,5,5.618729096989966,88.23464697723799,1003.2096336245143
controller 5 Hz,True,5,5.719063545150502,88.25327178117846,995.9660623170488
controller 5 Hz,True,5,5.819397993311037,88.26654188233405,988.7157693818434
controller 5 Hz,True,5,5.919732441471572,88.27731397756313,981.4853397225419
controller 5 Hz,True,5,6.0200668896321075,88.29090017620891,974.2896235363073
controller 5 Hz,True,5,6.120401337792642,88.30811162610743,967.1369498295825
controller 5 Hz,True,5,6.2207357859531776,88.32531208425485,960.0324299755515
controller 5 Hz,True,5,6.321070234113712,88.33964449672435,952.9810404703302
controller 5 Hz,True,5,6.421404682274248,88.35212712982933,945.985749098436
controller 5 Hz,True,5,6.521739130434783,88.36565393489882,939.0476938267856
controller 5 Hz,True,5,6.622073578595318,88.38138715064187,932.1670122909575
controller 5 Hz,True,5,6.722408026755853,88.39787115730266,925.3432303430602
controller 5 Hz,True,5,6.822742474916388,88.4131517111709,918.5755740253048
controller 5 Hz,True,5,6.923076923076923,88.42693518393963,911.863069943076
controller 5 Hz,True,5,7.023411371237458,88.44054054220948,905.2046793562355
controller 5 Hz,True,5,7.1237458193979935,88.45522058773949,898.5993079101994
controller 5 Hz,True,5,7.224080267558529,88.47092633451842,892.0458715241834
controller 5 Hz,True,5,7.3244147157190636,88.48662627932539,885.5432834597648
controller 5 Hz,True,5,7.424749163879599,88.50150460127166,879.0904864939663
controller 5 Hz,True,5,7.525083612040134,88.51569077486297,872.6864433185227
controller 5 Hz,True,5,7.625418060200669,88.52994761986335,866.3301453073585
controller 5 Hz,True,5,7.725752508361205,88.54484440460078,860.0206158391359
controller 5 Hz,True,5,7.826086956521739,88.56028326512825,853.7568998683016
controller 5 Hz,True,5,7.926421404682275,88.57571940386555,847.5380822746192
controller 5 Hz,True,5,8.02675585284281,88.59072463915457,841.3632739332427
controller 5 Hz,True,5,8.127090301003344,88.60533140636555,835.2316001620992
controller 5 Hz,True,5,8.22742474916388,88.61985636277198,829.1423770153478
controller 5 Hz,True,5,8.327759197324415,88.62693644345116,823.0963028834176
controller 5 Hz,True,5,8.42809364548495,88.61431596160928,817.0922389312097
controller 5 Hz,True,5,8.528428093645486,88.58610751692228,811.128768185918
controller 5 Hz,True,5,8.62876254180602,88.55778360267377,805.2047318499949
controller 5 Hz,True,5,8.729096989966555,88.54229865809992,799.3191287782039
controller 5 Hz,True,5,8.82943143812709,88.54046921913393,793.4710881069628
controller 5 Hz,True,5,8.929765886287626,88.54248105637332,787.6598164100103
controller 5 Hz,True,5,9.03010033444816,88.53713553147024,781.88458383618
controller 5 Hz,True,5,9.130434782608695,88.5201866097193,776.1447023544158
controller 5 Hz,True,5,9.230769230769232,88.49608829993433,770.439521837635
controller 5 Hz,True,5,9.331103678929766,88.47341551657819,764.7684244352746
controller 5 Hz,True,5,9.431438127090301,88.45826767480327,759.1308073523566
controller 5 Hz,True,5,9.531772575250836,88.45051095330095,753.5260960417581
controller 5 Hz,True,5,9.632107023411372,88.44492577385067,747.953730150716
controller 5 Hz,True,5,9.732441471571907,88.43551948089281,742.4131656646687
controller 5 Hz,True,5,9.832775919732441,88.41950656203439,736.9038290473825
controller 5 Hz,True,5,9.933110367892978,88.39851265251922,731.4250727337603
controller 5 Hz,True,5,10.033444816053512,88.37683850884476,725.9763000089046
controller 5 Hz,True,5,10.133779264214047,88.35839751218967,720.5569415211088
controller 5 Hz,True,5,10.234113712374581,88.34441883140786,715.1664624632062
controller 5 Hz,True,5,10.334448160535118,88.33315449651373,709.8043664697462
controller 5 Hz,True,5,10.434782608695652,88.32138449873918,704.4701794408163
controller 5 Hz,True,5,10.535117056856187,88.30649507871105,699.1634545042575
controller 5 Hz,True,5,10.635451505016723,88.28783993527657,693.8837600541285
controller 5 Hz,True,5,10.735785953177258,88.26677657379143,688.6306800363222
controller 5 Hz,True,5,10.836120401337793,88.2456146448381,683.4038153323074
controller 5 Hz,True,5,10.936454849498329,88.22623689783441,678.2027751696914
controller 5 Hz,True,5,11.036789297658864,88.20917945524285,673.0271874033942
controller 5 Hz,True,5,11.137123745819398,88.19356580433977,667.876676787661
controller 5 Hz,True,5,11.237458193979933,88.17776974101282,662.7508822741459
controller 5 Hz,True,5,11.33779264214047,88.16033751283214,657.6494556069518
controller 5 Hz,True,5,11.438127090301004,88.14066642923432,652.5720536818462
controller 5 Hz,True,5,11.538461538461538,88.11915958887722,647.5183427000846
controller 5 Hz,True,5,11.638795986622075,88.09686589459707,642.4881068674225
controller 5 Hz,True,5,11.73913043478261,88.07341988155974,637.4816701512908
controller 5 Hz,True,5,11.839464882943144,88.04682417244096,632.4986562511739
controller 5 Hz,True,5,11.939799331103679,88.0164669434761,627.5385962896711
controller 5 Hz,True,5,12.040133779264215,87.98328564756125,622.601070991072
controller 5 Hz,True,5,12.14046822742475,87.94917104724743,617.6857024536491
controller 5 Hz,True,5,12.240802675585284,87.91605973392458,612.7921396974776
controller 5 Hz,True,5,12.34113712374582,87.88510630032974,607.9200553496404
controller 5 Hz,True,5,12.441471571906355,87.8562955832083,603.0691433810978
controller 5 Hz,True,5,12.54180602006689,87.82861746677918,598.239110772023
controller 5 Hz,True,5,12.642140468227424,87.80062658639895,593.4296789535398
controller 5 Hz,True,5,12.74247491638796,87.77106723457423,588.6405809069784
controller 5 Hz,True,5,12.842809364548495,87.73930479651482,583.8715571472059
controller 5 Hz,True,5,12.94314381270903,87.70545636766856,579.1223593262697
controller 5 Hz,True,5,13.043478260869566,87.67024156977652,574.3927466049926
controller 5 Hz,True,5,13.143812709030101,87.63464893094614,569.6824840147948
controller 5 Hz,True,5,13.244147157190636,87.59955378652134,564.5614148695354
controller 5 Hz,True,5,13.34448160535117,87.56541801782255,558.8085969664985
controller 5 Hz,True,5,13.444816053511706,87.53221377836192,552.5278870238593
controller 5 Hz,True,5,13.545150501672241,87.49941042521478,545.2306563764603
controller 5 Hz,True,5,13.645484949832776,87.46635109552837,537.4921181611282
controller 5 Hz,True,5,13.745819397993312,87.43236441855291,528.8877274910363
controller 5 Hz,True,5,13.846153846153847,87.39702670967068,520.1173551372456
controller 5 Hz,True,5,13.946488294314381,87.36022483283175,510.33414331590865
controller 5 Hz,True,5,14.046822742474916,87.32223828075206,500.5929300989187
controller 5 Hz,True,5,14.147157190635452,87.28337321472806,489.855892411365
controller 5 Hz,True,5,14.247491638795987,87.24413915120827,479.12213491222457
controller 5 Hz,True,5,14.347826086956522,87.20489215312219,467.71304148004185
controller 5 Hz,True,5,14.448160535117058,87.16586466051183,456.1907899285578
controller 5 Hz,True,5,14.548494983277592,87.12701653625857,444.259150496902
controller 5 Hz,True,5,14.648829431438127,87.0881423949594,432.5822168325441
controller 5 Hz,True,5,14.749163879598662,87.04891514029397,420.2503256787079
controller 5 Hz,True,5,14.849498327759198,87.00900820830904,408.1088653054761
controller 5 Hz,True,5,14.949832775919733,86.96814706154343,395.62851087274345
controller 5 Hz,True,5,15.050167224080267,86.92618650623598,383.29310574616306
controller 5 Hz,True,5,15.150501672240804,86.88311139029548,370.80613307001687
controller 5 Hz,True,5,15.250836120401338,86.83902748563412,358.3949959014766
controller 5 Hz,True,5,15.351170568561873,86.7941082258337,346.0484228046212
controller 5 Hz,True,5,15.45150501672241,86.74856247550618,334.0268517197649
controller 5 Hz,True,5,15.551839464882944,86.70255545788665,321.88584063580197
controller 5 Hz,True,5,15.652173913043478,86.65619161979568,310.0935587573266
controller 5 Hz,True,5,15.752508361204013,86.60948226814763,298.308473259767
controller 5 Hz,True,5,15.85284280936455,86.56233988707856,286.910055956932
controller 5 Hz,True,5,15.953177257525084,86.51469511540755,275.5303494052911
controller 5 Hz,True,5,16.05351170568562,86.46636196226315,264.47599786838515
controller 5 Hz,True,5,16.153846153846153,86.417167252962,253.60614041252964
controller 5 Hz,True,5,16.254180602006688,86.36698983753357,243.0543776109169
controller 5 Hz,True,5,16.354515050167226,86.31572707391773,232.7240484244938
controller 5 Hz,True,5,16.45484949832776,86.26334796093937,222.73066083073243
controller 5 Hz,True,5,16.555183946488295,86.20982036590283,212.96788848557367
controller 5 Hz,True,5,16.65551839464883,86.15522998561104,203.54653214693712
controller 5 Hz,True,5,16.755852842809364,86.0995747983086,194.382871096613
controller 5 Hz,True,5,16.8561872909699,86.04318493678775,185.54728227177475
controller 5 Hz,True,5,16.956521739130434,85.98860814117796,176.98722833169967
controller 5 Hz,True,5,17.056856187290972,85.93859434695445,168.74408304829967
controller 5 Hz,True,5,17.157190635451506,85.89473121135252,160.78702397036054
controller 5 Hz,True,5,17.25752508361204,85.85743116407188,153.13379202459902
controller 5 Hz,True,5,17.357859531772576,85.82593595018625,145.77090180248607
controller 5 Hz,True,5,17.45819397993311,85.798639806369,138.69725635700567
controller 5 Hz,True,5,17.558528428093645,85.77335206922895,131.9155070701051
controller 5 Hz,True,5,17.65886287625418,85.7477338115722,125.39285885108731
controller 5 Hz,True,5,17.759197324414718,85.71956420202253,119.16578349105795
controller 5 Hz,True,5,17.859531772575252,85.6870603033138,113.19653573722475
controller 5 Hz,True,5,17.959866220735787,85.64901410489571,107.50232823764416
controller 5 Hz,True,5,18.06020066889632,85.60489307665266,102.04766709793543
controller 5 Hz,True,5,18.160535117056856,85.55479691827054,96.8570604631157
controller 5 Hz,True,5,18.26086956521739,85.4993688893113,91.8822345240236
controller 5 Hz,True,5,18.361204013377925,85.439646473354,87.1658924664562
controller 5 Hz,True,5,18.461538461538463,85.37688814823845,82.6556852983035
controller 5 Hz,True,5,18.561872909698998,85.31240795861828,78.3814665265504
controller 5 Hz,True,5,18.662207357859533,85.24741783508026,74.29171716901351
controller 5 Hz,True,5,18.762541806020067,85.18290814002943,70.4288064890503
controller 5 Hz,True,5,18.862876254180602,85.11956861436217,66.73461897616629
controller 5 Hz,True,5,18.963210702341136,85.05775791876364,63.251266882991125
controller 5 Hz,True,5,19.06354515050167,84.99749566549075,59.92705522082783
controller 5 Hz,True,5,19.16387959866221,84.93850447861702,56.79199834111168
controller 5 Hz,True,5,19.264214046822744,84.88026369734362,53.798783918365956
controller 5 Hz,True,5,19.36454849498328,84.82207953617524,50.98327334486614
controller 5 Hz,True,5,19.464882943143813,84.76316068785594,48.29957899404834
controller 5 Hz,True,5,19.565217391304348,84.70269161913306,45.774626778789525
controller 5 Hz,True,5,19.665551839464882,84.63989401765694,43.36942437083861
controller 5 Hz,True,5,19.765886287625417,84.57407795914106,41.108531487420514
controller 5 Hz,True,5,19.866220735785955,84.50467446191499,38.95533898118289
controller 5 Hz,True,5,19.96655518394649,84.43125761119661,36.93377600523547
controller 5 Hz,True,5,20.066889632107024,84.35354681251235,35.013306794872406
controller 5 Hz,True,5,20.16722408026756,84.27140390091515,33.20721161787143
controller 5 Hz,True,5,20.267558528428093,84.18481308797074,31.48942244612007
controller 5 Hz,True,5,20.367892976588628,84.09385744136439,29.878031828961287
controller 5 Hz,True,5,20.468227424749163,83.99869351784038,28.347105847923377
controller 5 Hz,True,5,20.5685618729097,83.89952479748558,26.91034614426416
controller 5 Hz,True,5,20.668896321070235,83.79657040910277,25.543880370314753
controller 5 Hz,True,5,20.76923076923077,83.6900433406213,24.26402811349098
controller 5 Hz,True,5,20.869565217391305,83.58012949901371,23.0471037497554
controller 5 Hz,True,5,20.96989966555184,83.4669708551189,21.907563841390772
controller 5 Hz,True,5,21.070234113712374,83.35065392588322,20.82510435927632
controller 5 Hz,True,5,21.17056856187291,83.23120238335322,19.81091245164641
controller 5 Hz,True,5,21.270903010033447,83.10857371968486,18.849152091204118
controller 5 Hz,True,5,21.37123745819398,82.98266039885904,17.946760143558183
controller 5 Hz,True,5,21.471571906354516,82.85329195893705,17.090411783394867
controller 5 Hz,True,5,21.57190635451505,82.72023993866347,16.287848040565432
controller 5 Hz,True,5,21.672240802675585,82.58322440254341,15.526822373877913
controller 5 Hz,True,5,21.77257525083612,82.44192286665086,14.81317367197354
controller 5 Hz,True,5,21.872909698996658,82.29597442750085,14.136062110501237
controller 5 Hz,True,5,21.973244147157192,82.14498888962765,13.501648591644596
controller 5 Hz,True,5,22.073578595317727,81.98855267655858,12.899893659073125
controller 5 Hz,True,5,22.17391304347826,81.82623427096148,12.335993670949584
controller 5 Hz,True,5,22.274247491638796,81.65758881497965,11.801524017285754
controller 5 Hz,True,5,22.37458193979933,81.48216159386028,11.300362265003814
controller 5 Hz,True,5,22.474916387959865,81.29949022777448,10.825912736421413
controller 5 Hz,True,5,22.575250836120404,81.1091067133564,10.380576291749602
controller 5 Hz,True,5,22.67558528428094,80.91053858854619,9.958933734137167
controller 5 Hz,True,5,22.775919732441473,80.70330777085124,9.563350520108505
controller 5 Hz,True,5,22.876254180602007,80.48692929519711,9.188855281901603
controller 5 Hz,True,5,22.976588628762542,80.26091176972166,8.837607833719106
controller 5 Hz,True,5,23.076923076923077,80.02475522486318,8.50536394767202
controller 5 Hz,True,5,23.17725752508361,79.77794958424619,8.193654087861539
controller 5 Hz,True,5,23.27759197324415,79.51997272704199,7.899163684877527
controller 5 Hz,True,5,23.377926421404684,79.25028966333994,7.622759688032491
controller 5 Hz,True,5,23.47826086956522,78.96835110617266,7.361756830637773
controller 5 Hz,True,5,23.578595317725753,78.67359258715905,7.116947755513442
controller 5 Hz,True,5,23.678929765886288,78.36543166834872,6.886095753662027
controller 5 Hz,True,5,23.779264214046822,78.04327310407686,6.669601762621494
controller 5 Hz,True,5,23.879598662207357,77.70650264829074,6.465635867514395
controller 5 Hz,True,5,23.979933110367895,77.35449286286452,6.27458559988708
controller 5 Hz,True,5,24.08026755852843,76.98660356269828,6.094930542079372
controller 5 Hz,True,5,24.180602006688964,76.60218458088654,5.926800004927358
controller 5 Hz,True,5,24.2809364548495,76.20057930506736,5.768962440675005
controller 5 Hz,True,5,24.381270903010034,75.78112917063149,5.621546104382029
controller 5 Hz,True,5,24.48160535117057,75.34317912158176,5.483520709510496
controller 5 Hz,True,5,24.581939799331103,74.88608412779915,5.354881950401575
controller 5 Hz,True,5,24.68227424749164,74.40921668851988,5.234810880405329
controller 5 Hz,True,5,24.782608695652176,73.91197539051416,5.123251120841072
controller 5 Hz,True,5,24.88294314381271,73.39379429272711,5.019540594237018
controller 5 Hz,True,5,24.983277591973245,72.85415307630139,4.92354872836032
controller 5 Hz,True,5,25.08361204013378,72.29258735224738,4.834739503519854
controller 5 Hz,True,5,25.183946488294314,71.70869875404244,4.752945704142136
controller 5 Hz,True,5,25.28428093645485,71.10216351232691,4.677708716540914
controller 5 Hz,True,5,25.384615384615387,70.47273817570466,4.608799409368696
controller 5 Hz,True,5,25.48494983277592,69.82025957822707,4.545794842151073
controller 5 Hz,True,5,25.585284280936456,69.14463551148087,4.488395400714085
controller 5 Hz,True,5,25.68561872909699,68.44581967307444,4.436142305383845
controller 5 Hz,True,5,25.785953177257525,67.7237619766734,4.388602640343636
controller 5 Hz,True,5,25.88628762541806,66.97832045908189,4.34518630704316
controller 5 Hz,True,5,25.986622073578594,66.20911609699958,4.305240231405508
controller 5 Hz,True,5,26.086956521739133,65.41530748463536,4.267935733743269
controller 5 Hz,True,5,26.187290969899667,64.59526405911146,4.232351136796134
controller 5 Hz,True,5,26.287625418060202,63.74613360421564,4.197454378525961
controller 5 Hz,True,5,26.387959866220736,62.86333095934323,4.16224253928702
controller 5 Hz,True,5,26.48829431438127,61.94001319965059,4.125783276044813
controller 5 Hz,True,5,26.588628762541806,60.9666216225708,4.0873443846891835
controller 5 Hz,True,5,26.68896321070234,59.930552298942786,4.0463489440759925
controller 5 Hz,True,5,26.78929765886288,58.81598050050798,4.002450474170218
controller 5 Hz,True,5,26.889632107023413,57.60383536908831,3.955401712038323
controller 5 Hz,True,5,26.989966555183948,56.27190920750707,3.9051542710975102
controller 5 Hz,True,5,27.090301003344482,54.79508640492685,3.851663675646339
controller 5 Hz,True,5,27.190635451505017,53.145682137718005,3.7950750290238138
controller 5 Hz,True,5,27.29096989966555,51.2938860988179,3.7354446434060495
controller 5 Hz,True,5,27.391304347826086,49.20830925897656,3.6730493232376245
controller 5 Hz,True,5,27.491638795986624,46.85663079434924,3.607979293791167
controller 5 Hz,True,5,27.59197324414716,44.206339415137364,3.540604965041655
controller 5 Hz,True,5,27.692307692307693,41.22555595290918,3.4709919378460485
controller 5 Hz,True,5,27.792642140468228,37.88391452460225,3.3996096853495614
controller 5 Hz,True,5,27.892976588628763,34.15346786966383,3.3264633140610678
controller 5 Hz,True,5,27.993311036789297,30.009571757358923,3.252076669722988
controller 5 Hz,True,5,28.093645484949832,25.431694588575407,3.1763824135981222
controller 5 Hz,True,5,28.19397993311037,20.40409847983567,3.0999314960311706
controller 5 Hz,True,5,28.294314381270905,14.916347334219992,3.0225534732752446
controller 5 Hz,True,5,28.39464882943144,8.963623265477171,2.9448308110853447
controller 5 Hz,True,5,28.494983277591974,2.5468713648080636,2.8664500369023194
controller 5 Hz,True,5,28.59531772575251,-4.327155264781112,2.7880392814808994
controller 5 Hz,True,5,28.695652173913043,-11.645822062583038,2.7091292824084285
controller 5 Hz,True,5,28.795986622073578,-19.39033387432917,2.630394324539383
controller 5 Hz,True,5,28.896321070234116,-27.53504359750092,2.5511982085696663
controller 5 Hz,True,5,28.99665551839465,-36.04615026675454,2.472357557160214
controller 5 Hz,True,5,29.096989966555185,-44.87965061763765,2.3930957276811715
controller 5 Hz,True,5,29.19732441471572,-53.97854042521233,2.314374421871681
controller 5 Hz,True,5,29.297658862876254,-63.26947226281239,2.235346497572463
controller 5 Hz,True,5,29.39799331103679,-72.65935639770218,2.1571675243829658
controller 5 Hz,True,5,29.498327759197323,-82.03268395402962,2.0789129051806845
controller 5 Hz,True,5,29.59866220735786,-88.73236263804353,2.0020171993731393
controller 5 Hz,True,5,29.698996655518396,-79.84757029222135,1.925436724882841
controller 5 Hz,True,5,29.79933110367893,-71.4390899155762,1.8508135950299738
controller 5 Hz,True,5,29.899665551839465,-63.7099516173691,1.7768541254892125
controller 5 Hz,True,5,30.0,-56.84451380028898,1.7054919766458165
controller 20 Hz,True,20,0.0,90.0,5.0
controller 20 Hz,True,20,0.10033444816053512,89.99775427375022,4.985538913340991
controller 20 Hz,True,20,0.20066889632107024,89.98858620878467,4.9204992810601125
controller 20 Hz,True,20,0.3010033444816054,89.95839512392449,4.781866349021793
controller 20 Hz,True,20,0.4013377926421405,89.89153699140455,4.5877909730516615
controller 20 Hz,True,20,0.5016722408026756,89.7739667931182,4.353672363538889
controller 20 Hz,True,20,0.6020066889632107,89.5951228079421,4.095597180457436
controller 20 Hz,True,20,0.7023411371237458,89.35143621352711,3.829010871875624
controller 20 Hz,True,20,0.802675585284281,89.05061433441321,3.5670037948456406
controller 20 Hz,True,20,0.9030100334448161,88.71570945791294,3.3202350192916166
controller 20 Hz,True,20,1.0033444816053512,88.38681088958985,3.0967264272729333
controller 20 Hz,True,20,1.1036789297658862,88.11720338516673,2.902365561464291
controller 20 Hz,True,20,1.2040133779264215,87.96020890845394,2.7411327067511206
controller 20 Hz,True,20,1.3043478260869565,87.94838054987551,2.615869815666769
controller 20 Hz,True,20,1.4046822742474916,88.07303892933868,2.529042105484998
controller 20 Hz,True,20,1.5050167224080269,88.27300232006182,2.483336963412113
controller 20 Hz,True,20,1.605351170568562,88.44775303823715,2.482521296312265
controller 20 Hz,True,20,1.705685618729097,88.50124419727358,2.531993453507721
controller 20 Hz,True,20,1.8060200668896322,88.40031104874981,2.6399454128609694
controller 20 Hz,True,20,1.9063545150501673,88.2079617794506,2.818985260022386
controller 20 Hz,True,20,2.0066889632107023,88.05172583375153,3.087409271140697
controller 20 Hz,True,20,2.1070234113712374,88.029714992666,3.473638799683868
controller 20 Hz,True,20,2.2073578595317724,88.12289517484355,4.019388116565676
controller 20 Hz,True,20,2.307692307692308,88.20667406886287,4.78834382591271
controller 20 Hz,True,20,2.408026755852843,88.17524075215749,5.877199924172883
controller 20 Hz,True,20,2.508361204013378,88.05818688529014,7.437626446741791
controller 20 Hz,True,20,2.608695652173913,87.98281680626485,9.711291241922417
controller 20 Hz,True,20,2.709030100334448,88.00873629692059,13.10101385877633
controller 20 Hz,True,20,2.809364548494983,88.05147804781171,18.64197723712662
controller 20 Hz,True,20,2.9096989966555187,88.01609046212705,27.189529604670017
controller 20 Hz,True,20,3.0100334448160537,87.94138687762883,41.48972551894269
controller 20 Hz,True,20,3.1103678929765888,87.92225963678935,65.5846281195317
controller 20 Hz,True,20,3.210702341137124,87.94216183621522,107.23448236207473
controller 20 Hz,True,20,3.311036789297659,87.92145199527026,176.79302927411874
controller 20 Hz,True,20,3.411371237458194,87.86985410858249,288.63402632295197
controller 20 Hz,True,20,3.511705685618729,87.84867415437071,469.8686476711008
controller 20 Hz,True,20,3.6120401337792645,87.85234526415611,752.9461078759379
controller 20 Hz,True,20,3.7123745819397995,87.86648703533487,943.856442953922
controller 20 Hz,True,20,3.8127090301003346,87.89494029433203,1038.2302998534237
controller 20 Hz,True,20,3.9130434782608696,87.91782018391206,1082.805126188397
controller 20 Hz,True,20,4.013377926421405,87.9296309783778,1101.5406620412864
controller 20 Hz,True,20,4.11371237458194,87.94478645883724,1107.0947270860781
controller 20 Hz,True,20,4.214046822742475,87.96867327031816,1105.9408315862836
controller 20 Hz,True,20,4.31438127090301,87.99114716333887,1101.377703456828
controller 20 Hz,True,20,4.414715719063545,88.00679358905626,1095.0968895335193
controller 20 Hz,True,20,4.51505016722408,88.02232237511008,1087.9569953021687
controller 20 Hz,True,20,4.615384615384616,88.04303216649983,1080.3991660303093
controller 20 Hz,True,20,4.7157190635451505,88.0650551453726,1072.65274418067
controller 20 Hz,True,20,4.816053511705686,88.08348410150872,1064.8376420721581
controller 20 Hz,True,20,4.916387959866221,88.09989350594945,1057.016787025526
controller 20 Hz,True,20,5.016722408026756,88.1184481022258,1049.2232043212114
controller 20 Hz,True,20,5.117056856187291,88.13931523787087,1041.4741138843851
controller 20 Hz,True,20,5.217391304347826,88.15940093219719,1033.7783233309867
controller 20 Hz,True,20,5.317725752508362,88.17741351937498,1026.1401343785205
controller 20 Hz,True,20,5.418060200668896,88.19518747469357,1018.5614227832642
controller 20 Hz,True,20,5.518394648829432,88.21449320101743,1011.0427533697947
controller 20 Hz,True,20,5.618729096989966,88.2347301574456,1003.5839791158279
controller 20 Hz,True,20,5.719063545150502,88.25326473587616,996.1845022761871
controller 20 Hz,True,20,5.819397993311037,88.26655949843007,988.8434589614513
controller 20 Hz,True,20,5.919732441471572,88.27741985416681,981.5598770656719
controller 20 Hz,True,20,6.0200668896321075,88.29103672690182,974.3328421522149
controller 20 Hz,True,20,6.120401337792642,88.30819513756326,967.161605964825
controller 20 Hz,True,20,6.2207357859531776,88.32533722492975,960.0460194980564
controller 20 Hz,True,20,6.321070234113712,88.33967400399037,952.9879988032802
controller 20 Hz,True,20,6.421404682274248,88.35220559467196,945.988714266948
controller 20 Hz,True,20,6.521739130434783,88.36576207458357,939.0482435672074
controller 20 Hz,True,20,6.622073578595318,88.38147593244604,932.1660955622253
controller 20 Hz,True,20,6.722408026755853,88.39792097122421,925.3414211051504
controller 20 Hz,True,20,6.822742474916388,88.41318732327629,918.573221429695
controller 20 Hz,True,20,6.923076923076923,88.42699112996638,911.860387237694
controller 20 Hz,True,20,7.023411371237458,88.44062327017802,905.2017976512434
controller 20 Hz,True,20,7.1237458193979935,88.4553076889551,898.5963156224507
controller 20 Hz,True,20,7.224080267558529,88.47099444259614,892.0428278765374
controller 20 Hz,True,20,7.3244147157190636,88.48667417269996,885.5402188968246
controller 20 Hz,True,20,7.424749163879599,88.50155002369087,879.087419838601
controller 20 Hz,True,20,7.525083612040134,88.51575018775733,872.6833861065785
controller 20 Hz,True,20,7.625418060200669,88.53002088977472,866.3271045451106
controller 20 Hz,True,20,7.725752508361205,88.54491799687912,860.0175956973446
controller 20 Hz,True,20,7.826086956521739,88.56034523637466,853.7539027571244
controller 20 Hz,True,20,7.926421404682275,88.57576950218632,847.5351084737687
controller 20 Hz,True,20,8.02675585284281,88.59077234015392,841.3603107267604
controller 20 Hz,True,20,8.127090301003344,88.6053861080285,835.2286482042779
controller 20 Hz,True,20,8.22742474916388,88.61992720625467,829.1394376097081
controller 20 Hz,True,20,8.327759197324415,88.62698895957332,823.0933741861847
controller 20 Hz,True,20,8.42809364548495,88.61437767266276,817.0893213184457
controller 20 Hz,True,20,8.528428093645486,88.58617914835858,811.1258619327407
controller 20 Hz,True,20,8.62876254180602,88.5578581465462,805.201837066548
controller 20 Hz,True,20,8.729096989966555,88.54236897965369,799.3162454819338
controller 20 Hz,True,20,8.82943143812709,88.54053319660953,793.4682162381943
controller 20 Hz,True,20,8.929765886287626,88.54254196851436,787.6569558894231
controller 20 Hz,True,20,9.03010033444816,88.53719938500333,781.8817345586892
controller 20 Hz,True,20,9.130434782608695,88.52025705748491,776.141864202299
controller 20 Hz,True,20,9.230769230769232,88.49616421437256,770.436694696107
controller 20 Hz,True,20,9.331103678929766,88.47349310938313,764.7656081898123
controller 20 Hz,True,20,9.431438127090301,88.45834324571125,759.1280018735292
controller 20 Hz,True,20,9.531772575250836,88.45058324317354,753.5233011957858
controller 20 Hz,True,20,9.632107023411372,88.44499662612105,747.9509458068345
controller 20 Hz,True,20,9.732441471571907,88.43559202644124,742.4103917351979
controller 20 Hz,True,20,9.832775919732441,88.41958302684468,736.9010654655567
controller 20 Hz,True,20,9.933110367892978,88.39859318090663,731.4223192847636
controller 20 Hz,True,20,10.033444816053512,88.37692135161394,725.9735565057757
controller 20 Hz,True,20,10.133779264214047,88.35848044743965,720.5542129763631
controller 20 Hz,True,20,10.234113712374581,88.34450050064923,715.1637528763528
controller 20 Hz,True,20,10.334448160535118,88.33323505198113,709.8016754071208
controller 20 Hz,True,20,10.434782608695652,88.32146536017902,704.4675064841211
controller 20 Hz,True,20,10.535117056856187,88.30657789910668,699.1607992592867
controller 20 Hz,True,20,10.635451505016723,88.28792566918341,693.8811221457686
controller 20 Hz,True,20,10.735785953177258,88.26686504860113,688.6280591157549
controller 20 Hz,True,20,10.836120401337793,88.2457048498856,683.4012110444197
controller 20 Hz,True,20,10.936454849498329,88.2263276466537,678.2001857611243
controller 20 Hz,True,20,11.036789297658864,88.20927002835609,673.0246056803935
controller 20 Hz,True,20,11.137123745819398,88.19365623797587,667.8741026784644
controller 20 Hz,True,20,11.237458193979933,88.17786071742718,662.7483157144687
controller 20 Hz,True,20,11.33779264214047,88.16042991945149,657.6468965223602
controller 20 Hz,True,20,11.438127090301004,88.14076093716957,652.5695020042848
controller 20 Hz,True,20,11.538461538461538,88.1192563371296,647.5157983674152
controller 20 Hz,True,20,11.638795986622075,88.09696993417221,642.4855693638905
controller 20 Hz,True,20,11.73913043478261,88.07353320703227,637.4791394983428
controller 20 Hz,True,20,11.839464882943144,88.04693857999598,632.49613250478
controller 20 Hz,True,20,11.939799331103679,88.0165780059443,627.536079459897
controller 20 Hz,True,20,12.040133779264215,87.98339148656929,622.5985610642924
controller 20 Hz,True,20,12.14046822742475,87.94927275557524,617.6831994044775
controller 20 Hz,True,20,12.240802675585284,87.91616053992797,612.7896434883642
controller 20 Hz,True,20,12.34113712374582,87.88521002225477,607.9175659373682
controller 20 Hz,True,20,12.441471571906355,87.85640500402702,603.0666607192269
controller 20 Hz,True,20,12.54180602006689,87.82873333765563,598.2366348096248
controller 20 Hz,True,20,12.642140468227424,87.80074763430335,593.4272096390897
controller 20 Hz,True,20,12.74247491638796,87.77119090531669,588.6381181846767
controller 20 Hz,True,20,12.842809364548495,87.73942842073036,583.8691009631797
controller 20 Hz,True,20,12.94314381270903,87.70557812182754,579.119909627188
controller 20 Hz,True,20,13.043478260869566,87.67036101465703,574.3903033368089
controller 20 Hz,True,20,13.143812709030101,87.63476856146511,569.5890543803745
controller 20 Hz,True,20,13.244147157190636,87.59966659101772,564.0291345207388
controller 20 Hz,True,20,13.34448160535117,87.56553612511378,557.5446380206024
controller 20 Hz,True,20,13.444816053511706,87.5323136553161,550.1972319483464
controller 20 Hz,True,20,13.545150501672241,87.49952592348843,542.0355066289985
controller 20 Hz,True,20,13.645484949832776,87.46645380219385,533.1420345573156
controller 20 Hz,True,20,13.745819397993312,87.43245359633552,523.5275860589541
controller 20 Hz,True,20,13.846153846153847,87.39711172337597,513.3553058181423
controller 20 Hz,True,20,13.946488294314381,87.3602672328276,502.63840690571624
controller 20 Hz,True,20,14.046822742474916,87.32219682739643,491.34818322087676
controller 20 Hz,True,20,14.147157190635452,87.28330511376225,479.6461146437307
controller 20 Hz,True,20,14.247491638795987,87.24406433332918,467.5764581955408
controller 20 Hz,True,20,14.347826086956522,87.20479614438607,455.1503206503679
controller 20 Hz,True,20,14.448160535117058,87.16575831613793,442.4755531273831
controller 20 Hz,True,20,14.548494983277592,87.12691996944837,429.6324129364068
controller 20 Hz,True,20,14.648829431438127,87.08803244158035,416.6612175981273
controller 20 Hz,True,20,14.749163879598662,87.04879774308151,403.5298398855243
controller 20 Hz,True,20,14.849498327759198,87.00889131804288,390.390031185989
controller 20 Hz,True,20,14.949832775919733,86.9680193867622,377.2636481887668
controller 20 Hz,True,20,15.050167224080267,86.92606960115978,364.1614080769363
controller 20 Hz,True,20,15.150501672240804,86.88298553114744,351.13291854501404
controller 20 Hz,True,20,15.250836120401338,86.83888417105531,338.23672661796064
controller 20 Hz,True,20,15.351170568561873,86.7939588080851,325.4824162525475
controller 20 Hz,True,20,15.45150501672241,86.74840003217768,312.89724549861864
controller 20 Hz,True,20,15.551839464882944,86.70238336047021,300.51026034011926
controller 20 Hz,True,20,15.652173913043478,86.65600871433428,288.34589852317447
controller 20 Hz,True,20,15.752508361204013,86.60929662743419,276.4258373281731
controller 20 Hz,True,20,15.85284280936455,86.56217867961585,264.769043545621
controller 20 Hz,True,20,15.953177257525084,86.51453116624326,253.392346467047
controller 20 Hz,True,20,16.05351170568562,86.46619289475902,242.30937696398095
controller 20 Hz,True,20,16.153846153846153,86.41699944993314,231.53074867744192
controller 20 Hz,True,20,16.254180602006688,86.36681385859178,221.06654653092085
controller 20 Hz,True,20,16.354515050167226,86.3155427885323,210.92397130525165
controller 20 Hz,True,20,16.45484949832776,86.26314091984453,201.10831609037837
controller 20 Hz,True,20,16.555183946488295,86.20961136053087,191.62307072194474
controller 20 Hz,True,20,16.65551839464883,86.15499108651294,182.4700640209212
controller 20 Hz,True,20,16.755852842809364,86.09933495757517,173.64960163388156
controller 20 Hz,True,20,16.8561872909699,86.04292373290112,165.16033086806945
controller 20 Hz,True,20,16.956521739130434,85.98833487136905,156.99973682894523
controller 20 Hz,True,20,17.056856187290972,85.93829742353024,149.16445196440674
controller 20 Hz,True,20,17.157190635451506,85.89442483726171,141.65009798609412
controller 20 Hz,True,20,17.25752508361204,85.85710915229794,134.45140919015685
controller 20 Hz,True,20,17.357859531772576,85.8256119863879,127.5623406035506
controller 20 Hz,True,20,17.45819397993311,85.7983095776526,120.97617826223475
controller 20 Hz,True,20,17.558528428093645,85.77302815551671,114.6856345627095
controller 20 Hz,True,20,17.65886287625418,85.74740909699538,108.68292890497614
controller 20 Hz,True,20,17.759197324414718,85.71924390735583,102.95976564005262
controller 20 Hz,True,20,17.859531772575252,85.68674201498858,97.50786318091677
controller 20 Hz,True,20,17.959866220735787,85.64870192666746,92.31850974598848
controller 20 Hz,True,20,18.06020066889632,85.60458402137027,87.38282435213962
controller 20 Hz,True,20,18.160535117056856,85.55448767474795,82.69181439807856
controller 20 Hz,True,20,18.26086956521739,85.49905561380115,78.23643449572354
controller 20 Hz,True,20,18.361204013377925,85.43932536312862,74.00763214628662
controller 20 Hz,True,20,18.461538461538463,85.3765587135366,69.99639611407845
controller 20 Hz,True,20,18.561872909698998,85.31206837221923,66.19379112551714
controller 20 Hz,True,20,18.662207357859533,85.24706667761119,62.590996787135104
controller 20 Hz,True,20,18.762541806020067,85.18254487113434,59.17933281640358
controller 20 Hz,True,20,18.862876254180602,85.11919555534222,55.9502894265904
controller 20 Hz,True,20,18.963210702341136,85.05737467578518,52.895544536996304
controller 20 Hz,True,20,19.06354515050167,84.99710471040477,50.00698669749521
controller 20 Hz,True,20,19.16387959866221,84.93810502923708,47.27743466645381
controller 20 Hz,True,20,19.264214046822744,84.87985939795347,44.697779341700425
controller 20 Hz,True,20,19.36454849498328,84.82166273335704,42.26277163564748
controller 20 Hz,True,20,19.464882943143813,84.76273724197658,39.96227220805104
controller 20 Hz,True,20,19.565217391304348,84.70226290559552,37.7909662621657
controller 20 Hz,True,20,19.665551839464882,84.63946160910068,35.74221166353466
controller 20 Hz,True,20,19.765886287625417,84.57364213205022,33.809624515931624
controller 20 Hz,True,20,19.866220735785955,84.50423611249433,31.987083506626053
controller 20 Hz,True,20,19.96655518394649,84.43081649838422,30.268722731912092
controller 20 Hz,True,20,20.066889632107024,84.35310364183718,28.648933655291007
controller 20 Hz,True,20,20.16722408026756,84.27095745437738,27.122356431209923
controller 20 Hz,True,20,20.267558528428093,84.18436156730219,25.683879365174395
controller 20 Hz,True,20,20.367892976588628,84.09339948833347,24.32862927048155
controller 20 Hz,True,20,20.468227424749163,83.99822822192256,23.051969061935797
controller 20 Hz,True,20,20.5685618729097,83.89904961594299,21.84948757360941
controller 20 Hz,True,20,20.668896321070235,83.7960836558649,20.716998115059
controller 20 Hz,True,20,20.76923076923077,83.68954415723894,19.650550807503404
controller 20 Hz,True,20,20.869565217391305,83.57961629024132,18.646498522079387
controller 20 Hz,True,20,20.96989966555184,83.4664424726479,17.701091094686745
controller 20 Hz,True,20,21.070234113712374,83.35010984138674,16.810820594960582
controller 20 Hz,True,20,21.17056856187291,83.23064174669389,15.972748606486915
controller 20 Hz,True,20,21.270903010033447,83.10799604061458,15.183620201884066
controller 20 Hz,True,20,21.37123745819398,82.98206536645779,14.440687774324712
controller 20 Hz,True,20,21.471571906354516,82.85267932018246,13.741259689106647
controller 20 Hz,True,20,21.57190635451505,82.71960980594231,13.082789766204547
controller 20 Hz,True,20,21.672240802675585,82.58257753270054,12.462877338889909
controller 20 Hz,True,20,21.77257525083612,82.44125902283622,11.879259255813912
controller 20 Hz,True,20,21.872909698996658,82.29529398226882,11.329803882243787
controller 20 Hz,True,20,21.973244147157192,82.14429222207437,10.812503726479452
controller 20 Hz,True,20,22.073578595317727,81.98784011276285,10.325469705947135
controller 20 Hz,True,20,22.17391304347826,81.82550606529419,9.8669243976543
controller 20 Hz,True,20,22.274247491638796,81.65684513656453,9.43519661721352
controller 20 Hz,True,20,22.37458193979933,81.48140250063041,9.028715284443123
controller 20 Hz,True,20,22.474916387959865,81.2987159709459,8.64600436975197
controller 20 Hz,True,20,22.575250836120404,81.10831748762416,8.285677335536414
controller 20 Hz,True,20,22.67558528428094,80.90973379945345,7.946432466697345
controller 20 Hz,True,20,22.775919732441473,80.70248635870367,7.627047870411418
controller 20 Hz,True,20,22.876254180602007,80.48609066407455,7.326377191789048
controller 20 Hz,True,20,22.976588628762542,80.2600551198073,7.043345124553722
controller 20 Hz,True,20,23.076923076923077,80.0238796262374,6.77694351554908
controller 20 Hz,True,20,23.17725752508361,79.77705398530149,6.526227349838958
controller 20 Hz,True,20,23.27759197324415,79.51905630317435,6.290311219127785
controller 20 Hz,True,20,23.377926421404684,79.24935147105967,6.068365741989591
controller 20 Hz,True,20,23.47826086956522,78.96738987249076,5.859614379560094
controller 20 Hz,True,20,23.578595317725753,78.67260638951223,5.6633302437473025
controller 20 Hz,True,20,23.678929765886288,78.36441982780893,5.478834342710639
controller 20 Hz,True,20,23.779264214046822,78.04223282624413,5.305491872764798
controller 20 Hz,True,20,23.879598662207357,77.70543235132264,5.142705129437408
controller 20 Hz,True,20,23.979933110367895,77.35339083743841,4.989918131459627
controller 20 Hz,True,20,24.08026755852843,76.985469122827,4.8466121729051395
controller 20 Hz,True,20,24.180602006688964,76.60101594791385,4.7123009875133475
controller 20 Hz,True,20,24.2809364548495,76.19937467478067,4.586531055052284
controller 20 Hz,True,20,24.381270903010034,75.77988670650244,4.468878714628997
controller 20 Hz,True,20,24.48160535117057,75.34189696922934,4.3589480183441225
controller 20 Hz,True,20,24.581939799331103,74.88476040915583,4.256368626749863
controller 20 Hz,True,20,24.68227424749164,74.40784952572014,4.1607936822308265
controller 20 Hz,True,20,24.782608695652176,73.91056290174609,4.071897566158201
controller 20 Hz,True,20,24.88294314381271,73.39233462347426,3.989373498243064
controller 20 Hz,True,20,24.983277591973245,72.8526443742969,3.9129308537278917
controller 20 Hz,True,20,25.08361204013378,72.29102781680005,3.8422920543622903
controller 20 Hz,True,20,25.183946488294314,71.70708661818168,3.7771888206227344
controller 20 Hz,True,20,25.28428093645485,71.1004970894019,3.717357538427331
controller 20 Hz,True,20,25.384615384615387,70.47101581385206,3.662533319701459
controller 20 Hz,True,20,25.48494983277592,69.81847972090111,3.6124422312723867
controller 20 Hz,True,20,25.585284280936456,69.14279665744688,3.5667910228218385
controller 20 Hz,True,20,25.68561872909699,68.4439203974525,3.5252536518706465
controller 20 Hz,True,20,25.785953177257525,67.72180088506657,3.4874540210947185
controller 20 Hz,True,20,25.88628762541806,66.97629612574838,3.4529453476808287
controller 20 Hz,True,20,25.986622073578594,66.20702696609885,3.421189065733687
controller 20 Hz,True,20,26.086956521739133,65.41315167417144,3.391540443109384
controller 20 Hz,True,20,26.187290969899667,64.59303912570866,3.3632538667991967
controller 20 Hz,True,20,26.287625418060202,63.74383620408038,3.335519256218605
controller 20 Hz,True,20,26.387959866220736,62.86095644668626,3.307528868795994
controller 20 Hz,True,20,26.48829431438127,61.93755519362931,3.278552838492319
controller 20 Hz,True,20,26.588628762541806,60.96407161338044,3.247994478309628
controller 20 Hz,True,20,26.68896321070234,59.927899301926125,3.215410877131808
controller 20 Hz,True,20,26.78929765886288,58.81321080964601,3.1805056585691416
controller 20 Hz,True,20,26.889632107023413,57.600932404550655,3.1431077384639203
controller 20 Hz,True,20,26.989966555183948,56.26885348001819,3.1031450578299586
controller 20 Hz,True,20,27.090301003344482,54.7918555772968,3.060622465731599
controller 20 Hz,True,20,27.190635451505017,53.142251227940115,3.0156033782015688
controller 20 Hz,True,20,27.29096989966555,51.2902278967082,2.9681954304640836
controller 20 Hz,True,20,27.391304347826086,49.20439482711233,2.9185393191599025
controller 20 Hz,True,20,27.491638795986624,46.85243026880539,2.866800017021879
controller 20 Hz,True,20,27.59197324414716,44.20182300030202,2.8131596428291106
controller 20 Hz,True,20,27.692307692307693,41.22069518923069,2.757811440105747
controller 20 Hz,True,20,27.792642140468228,37.87868377684959,2.7009544346175813
controller 20 Hz,True,20,27.892976588628763,34.14784613461088,2.64278849911502
controller 20 Hz,True,20,27.993311036789297,30.003544553164872,2.583509629089392
controller 20 Hz,True,20,28.093645484949832,25.425256126169234,2.5233053778984886
controller 20 Hz,True,20,28.19397993311037,20.397253690740282,2.462350484195627
controller 20 Hz,True,20,28.294314381270905,14.909113925172349,2.400802891602933
controller 20 Hz,True,20,28.39464882943144,8.956033395596112,2.3388004304006462
controller 20 Hz,True,20,28.494983277591974,2.538972900764937,2.276458573247637
controller 20 Hz,True,20,28.59531772575251,-4.335298059809373,2.2138696753837905
controller 20 Hz,True,20,28.695652173913043,-11.654128692953142,2.151104149322527
controller 20 Hz,True,20,28.795986622073578,-19.39870859142865,2.0882138643616344
controller 20 Hz,True,20,28.896321070234116,-27.543377269415927,2.0252379388722495
controller 20 Hz,True,20,28.99665551839465,-36.05432326753284,1.9622107365675698
controller 20 Hz,True,20,29.096989966555185,-44.8875366923506,1.8991715841023094
controller 20 Hz,True,20,29.19732441471572,-53.98601127789864,1.8361751916021116
controller 20 Hz,True,20,29.297658862876254,-63.27640307054797,1.7733014008786068
controller 20 Hz,True,20,29.39799331103679,-72.66563104742909,1.7106624134186181
controller 20 Hz,True,20,29.498327759197323,-82.038197391709,1.6484057287527547
controller 20 Hz,True,20,29.59866220735786,-88.74676731329271,1.5867113242345
controller 20 Hz,True,20,29.698996655518396,-79.84378810587879,1.5257831440405123
controller 20 Hz,True,20,29.79933110367893,-71.43624718786471,1.4658348401574417
controller 20 Hz,True,20,29.899665551839465,-63.708065516079564,1.4070733856537048
controller 20 Hz,True,20,30.0,-56.8435845262908,1.3496832509870569
controller 100 Hz,True,100,0.0,90.0,5.0
controller 100 Hz,True,100,0.10033444816053512,89.99775427375022,4.9855388537565695
controller 100 Hz,True,100,0.20066889632107024,89.9885862090544,4.920489417531245
controller 100 Hz,True,100,0.3010033444816054,89.95839835237835,4.781766005371078
controller 100 Hz,True,100,0.4013377926421405,89.89154043973511,4.5873863141307805
controller 100 Hz,True,100,0.5016722408026756,89.77396944548232,4.352588324174848
controller 100 Hz,True,100,0.6020066889632107,89.59512477290983,4.093301429560754
controller 100 Hz,True,100,0.7023411371237458,89.35142961968468,3.8248271235061915
controller 100 Hz,True,100,0.802675585284281,89.05057956465556,3.5603073400376846
controller 100 Hz,True,100,0.9030100334448161,88.71565951408762,3.31040725834899
controller 100 Hz,True,100,1.0033444816053512,88.38675441570659,3.0833030911685464
controller 100 Hz,True,100,1.1036789297658862,88.1171570673034,2.8850569902244576
controller 100 Hz,True,100,1.2040133779264215,87.96019042295559,2.719884061859043
controller 100 Hz,True,100,1.3043478260869565,87.94843872211925,2.5908955981740265
controller 100 Hz,True,100,1.4046822742474916,88.07319293349893,2.500833419040254
controller 100 Hz,True,100,1.5050167224080269,88.27316337633282,2.4528145062222135
controller 100 Hz,True,100,1.605351170568562,88.44782325898295,2.45117714597198
controller 100 Hz,True,100,1.705685618729097,88.50120189023986,2.502182395707472
controller 100 Hz,True,100,1.8060200668896322,88.40020028969961,2.6154292924611813
controller 100 Hz,True,100,1.9063545150501673,88.20786545547128,2.805719356174183
controller 100 Hz,True,100,2.0066889632107023,88.05174641000752,3.0957417580566324
controller 100 Hz,True,100,2.1070234113712374,88.029821140789,3.520309896849712
controller 100 Hz,True,100,2.2073578595317724,88.12297059993472,4.132978928797422
controller 100 Hz,True,100,2.307692307692308,88.2066064629879,5.017744842882516
controller 100 Hz,True,100,2.408026755852843,88.17509565657382,6.3087858626394056
controller 100 Hz,True,100,2.508361204013378,88.05817446357013,8.224947978980106
controller 100 Hz,True,100,2.608695652173913,87.98294049145707,11.132823582195824
controller 100 Hz,True,100,2.709030100334448,88.00880042974434,15.665471428612195
controller 100 Hz,True,100,2.809364548494983,88.05148836621983,22.94736703330285
controller 100 Hz,True,100,2.9096989966555187,88.01569462100171,35.038861101963924
controller 100 Hz,True,100,3.0100334448160537,87.94116198673947,56.16352921722597
controller 100 Hz,True,100,3.1103678929765888,87.92264552527317,97.91299998368545
controller 100 Hz,True,100,3.210702341137124,87.94234468862334,176.76072473233242
controller 100 Hz,True,100,3.311036789297659,87.92114165787778,328.72036486491953
controller 100 Hz,True,100,3.411371237458194,87.86970607301082,610.2174467430598
controller 100 Hz,True,100,3.511705685618729,87.84889406429312,875.8512215088657
controller 100 Hz,True,100,3.6120401337792645,87.85250045874186,1009.4616454815998
controller 100 Hz,True,100,3.7123745819397995,87.86636081203382,1075.224761972122
controller 100 Hz,True,100,3.8127090301003346,87.8948337117727,1105.8090504646432
controller 100 Hz,True,100,3.9130434782608696,87.91792991219586,1117.775596195263
controller 100 Hz,True,100,4.013377926421405,87.92974287273186,1119.7574153147157
controller 100 Hz,True,100,4.11371237458194,87.94473507676926,1116.6494346517431
controller 100 Hz,True,100,4.214046822742475,87.96860095739613,1110.986803864471
controller 100 Hz,True,100,4.31438127090301,87.99119638559219,1104.0606732895276
controller 100 Hz,True,100,4.414715719063545,88.00687876001454,1096.5349044821967
controller 100 Hz,True,100,4.51505016722408,88.02232145785415,1088.7343229576425
controller 100 Hz,True,100,4.615384615384616,88.04298414482263,1080.8230818694412
controller 100 Hz,True,100,4.7157190635451505,88.06506207192757,1072.8861366700764
controller 100 Hz,True,100,4.816053511705686,88.08354264668965,1064.9675343018882
controller 100 Hz,True,100,4.916387959866221,88.09992466479166,1057.0900277028838
controller 100 Hz,True,100,5.016722408026756,88.11842989906387,1049.265204290799
controller 100 Hz,True,100,5.117056856187291,88.13930029730682,1041.4987579724693
controller 100 Hz,True,100,5.217391304347826,88.15942599289544,1033.7932535213681
controller 100 Hz,True,100,5.317725752508362,88.17745226606893,1026.1495867376868
controller 100 Hz,True,100,5.418060200668896,88.195200487956,1018.5677619284137
controller 100 Hz,True,100,5.518394648829432,88.21448283757393,1011.047308392369
controller 100 Hz,True,100,5.618729096989966,88.23472900690112,1003.5875028529655
controller 100 Hz,True,100,5.719063545150502,88.25328535706583,996.1874224968557
controller 100 Hz,True,100,5.819397993311037,88.26658527660854,988.8460213429037
controller 100 Hz,True,100,5.919732441471572,88.27743086231771,981.5622236324702
controller 100 Hz,True,100,6.0200668896321075,88.29103488866328,974.335055413139
controller 100 Hz,True,100,6.120401337792642,88.30819727260449,967.1637342227204
controller 100 Hz,True,100,6.2207357859531776,88.3253521362735,960.0480912550584
controller 100 Hz,True,100,6.321070234113712,88.33969390022081,952.9900298401433
controller 100 Hz,True,100,6.421404682274248,88.35221850794346,945.9907141301123
controller 100 Hz,True,100,6.521739130434783,88.36576635809153,939.0502181847004
controller 100 Hz,True,100,6.622073578595318,88.38147920387361,932.1680487228471
controller 100 Hz,True,100,6.722408026755853,88.39793036274114,925.3433607075094
controller 100 Hz,True,100,6.822742474916388,88.41320207997747,918.5751619325168
controller 100 Hz,True,100,6.923076923076923,88.42700492549483,911.862329040561
controller 100 Hz,True,100,7.023411371237458,88.44063177471921,905.2037408516559
controller 100 Hz,True,100,7.1237458193979935,88.45531261418951,898.5982525448566
controller 100 Hz,True,100,7.224080267558529,88.47100064815396,892.0447491848638
controller 100 Hz,True,100,7.3244147157190636,88.48668425839841,885.542125090677
controller 100 Hz,True,100,7.424749163879599,88.50156227043284,879.0893113699586
controller 100 Hz,True,100,7.525083612040134,88.5157610256133,872.6852633871899
controller 100 Hz,True,100,7.625418060200669,88.53002861372308,866.32896794251
controller 100 Hz,True,100,7.725752508361205,88.54492413311895,860.0194455627064
controller 100 Hz,True,100,7.826086956521739,88.56035221925721,853.7557394068614
controller 100 Hz,True,100,7.926421404682275,88.57577853827841,847.5369321802914
controller 100 Hz,True,100,8.02675585284281,88.5907825514228,841.3621218000256
controller 100 Hz,True,100,8.127090301003344,88.60539569968478,835.230446937233
controller 100 Hz,True,100,8.22742474916388,88.61993641849948,829.1412235586873
controller 100 Hz,True,100,8.327759197324415,88.6269976198497,823.095148810302
controller 100 Hz,True,100,8.42809364548495,88.61438418136073,817.0910848231421
controller 100 Hz,True,100,8.528428093645486,88.58618136561387,811.1276144766607
controller 100 Hz,True,100,8.62876254180602,88.55785783108347,805.2035788293297
controller 100 Hz,True,100,8.729096989966555,88.54236980635201,799.3179766298141
controller 100 Hz,True,100,8.82943143812709,88.5405374234014,793.469936953709
controller 100 Hz,True,100,8.929765886287626,88.54254896962672,787.6586663555612
controller 100 Hz,True,100,9.03010033444816,88.53720656272948,781.8834349584517
controller 100 Hz,True,100,9.130434782608695,88.52026205204328,776.143554720055
controller 100 Hz,True,100,9.230769230769232,88.496166648757,770.4383755113346
controller 100 Hz,True,100,9.331103678929766,88.47349456681712,764.7672794963364
controller 100 Hz,True,100,9.431438127090301,88.45834587658275,759.1296638394003
controller 100 Hz,True,100,9.531772575250836,88.45058817611569,753.5249539897862
controller 100 Hz,True,100,9.632107023411372,88.44500330455254,747.9525895972955
controller 100 Hz,True,100,9.732441471571907,88.4355988406155,742.4120307513514
controller 100 Hz,True,100,9.832775919732441,88.41958854912828,736.9027059350667
controller 100 Hz,True,100,9.933110367892978,88.3985970300816,731.4239610138027
controller 100 Hz,True,100,10.033444816053512,88.37692435081908,725.9751993126248
controller 100 Hz,True,100,10.133779264214047,88.35848391831165,720.5558515196063
controller 100 Hz,True,100,10.234113712374581,88.3445053786032,715.1653828732552
controller 100 Hz,True,100,10.334448160535118,88.33324137214368,709.8032970395333
controller 100 Hz,True,100,10.434782608695652,88.32147235937883,704.4691199201204
controller 100 Hz,True,100,10.535117056856187,88.30658456827152,699.162404648951
controller 100 Hz,True,100,10.635451505016723,88.2879313779358,693.8827196357414
controller 100 Hz,True,100,10.735785953177258,88.26686986213629,688.6296488455391
controller 100 Hz,True,100,10.836120401337793,88.2457093784947,683.4027931433537
controller 100 Hz,True,100,10.936454849498329,88.22633265105173,678.2017603594627
controller 100 Hz,True,100,11.036789297658864,88.20927598762322,673.0261729021829
controller 100 Hz,True,100,11.137123745819398,88.19366313949884,667.8756626455499
controller 100 Hz,True,100,11.237458193979933,88.17786814076238,662.7498685421263
controller 100 Hz,True,100,11.33779264214047,88.16043728932081,657.648442318647
controller 100 Hz,True,100,11.438127090301004,88.14076782919756,652.5710408785392
controller 100 Hz,True,100,11.538461538461538,88.1192626705245,647.5173304252843
controller 100 Hz,True,100,11.638795986622075,88.09697430759263,642.4870950809228
controller 100 Hz,True,100,11.73913043478261,88.07353347222409,637.4806587914321
controller 100 Hz,True,100,11.839464882943144,88.04693736009888,632.4976454295926
controller 100 Hz,True,100,11.939799331103679,88.01657791612207,627.5375860925678
controller 100 Hz,True,100,12.040133779264215,87.98339441985227,622.6000614811799
controller 100 Hz,True,100,12.14046822742475,87.94927922125841,617.6846936809936
controller 100 Hz,True,100,12.240802675585284,87.91616960291168,612.7911317016142
controller 100 Hz,True,100,12.34113712374582,87.88521985641366,607.9190481634658
controller 100 Hz,True,100,12.441471571906355,87.85641375074826,603.068137038751
controller 100 Hz,True,100,12.54180602006689,87.82873986188594,598.2381052974438
controller 100 Hz,True,100,12.642140468227424,87.80075187339405,593.428674367755
controller 100 Hz,True,100,12.74247491638796,87.77119374876514,588.6395805084601
controller 100 Hz,True,100,12.842809364548495,87.73943124566125,583.87056421906
controller 100 Hz,True,100,12.94314381270903,87.70558223060782,579.1213737262973
controller 100 Hz,True,100,13.043478260869566,87.67036719305781,574.3917681958044
controller 100 Hz,True,100,13.143812709030101,87.63477598420441,569.5039839365134
controller 100 Hz,True,100,13.244147157190636,87.59968213666922,563.6976801993694
controller 100 Hz,True,100,13.34448160535117,87.56555168801728,556.9309268764645
controller 100 Hz,True,100,13.444816053511706,87.53233306976429,549.2648129234285
controller 100 Hz,True,100,13.545150501672241,87.49954306477863,540.7630770879979
controller 100 Hz,True,100,13.645484949832776,87.46648548645769,531.4914174921311
controller 100 Hz,True,100,13.745819397993312,87.43250176316862,521.5168392793631
controller 100 Hz,True,100,13.846153846153847,87.39716638372302,510.9070304229853
controller 100 Hz,True,100,13.946488294314381,87.36037888293791,499.7297715481418
controller 100 Hz,True,100,14.046822742474916,87.32234586926162,488.0523924420211
controller 100 Hz,True,100,14.147157190635452,87.28347740823251,475.94127221525633
controller 100 Hz,True,100,14.247491638795987,87.24423990946688,463.46138488044284
controller 100 Hz,True,100,14.347826086956522,87.20501320119577,450.67589801876176
controller 100 Hz,True,100,14.448160535117058,87.16599161632288,437.64581896564044
controller 100 Hz,True,100,14.548494983277592,87.12715106896148,424.42968915125067
controller 100 Hz,True,100,14.648829431438127,87.08828106252851,411.08333010571573
controller 100 Hz,True,100,14.749163879598662,87.04906195087429,397.65963439904016
controller 100 Hz,True,100,14.849498327759198,87.00915852128068,384.2084010784163
controller 100 Hz,True,100,14.949832775919733,86.96830253567603,370.77621618269075
controller 100 Hz,True,100,15.050167224080267,86.92634558445637,357.4063713966604
controller 100 Hz,True,100,15.150501672240804,86.88327490765059,344.1388194739791
controller 100 Hz,True,100,15.250836120401338,86.83919494742678,331.0101653052934
controller 100 Hz,True,100,15.351170568561873,86.79428455929043,318.0536860862954
controller 100 Hz,True,100,15.45150501672241,86.7487433497504,305.2993787510406
controller 100 Hz,True,100,15.551839464882944,86.70274082059377,292.7740328007013
controller 100 Hz,True,100,15.652173913043478,86.65637916699943,280.5013227707152
controller 100 Hz,True,100,15.752508361204013,86.60967585172095,268.5019756474036
controller 100 Hz,True,100,15.85284280936455,86.56256662068449,256.79377236640266
controller 100 Hz,True,100,15.953177257525084,86.51492499592986,245.39172189869723
controller 100 Hz,True,100,16.05351170568562,86.46659139016081,234.30827444066833
controller 100 Hz,True,100,16.153846153846153,86.41740424983666,223.55343789984195
controller 100 Hz,True,100,16.254180602006688,86.36722669602958,213.1349353154064
controller 100 Hz,True,100,16.354515050167226,86.31596432435421,203.05836467448435
controller 100 Hz,True,100,16.45484949832776,86.26357236736975,193.3273599726998
controller 100 Hz,True,100,16.555183946488295,86.2100527265523,183.94375080488524
controller 100 Hz,True,100,16.65551839464883,86.15544308038262,174.90771945278817
controller 100 Hz,True,100,16.755852842809364,86.09979786450681,166.217953298828
controller 100 Hz,True,100,16.8561872909699,86.04339525499445,157.87152995547785
controller 100 Hz,True,100,16.956521739130434,85.98881772597869,149.86441357752506
controller 100 Hz,True,100,17.056856187290972,85.93879211680529,142.19176869110487
controller 100 Hz,True,100,17.157190635451506,85.89493053461906,134.84781822553228
controller 100 Hz,True,100,17.25752508361204,85.8576239068125,127.82596746249888
controller 100 Hz,True,100,17.357859531772576,85.82613340868053,121.11892059250144
controller 100 Hz,True,100,17.45819397993311,85.79883498395637,114.71878959328396
controller 100 Hz,True,100,17.558528428093645,85.77355547039704,108.617195407551
controller 100 Hz,True,100,17.65886287625418,85.74793663984995,102.80536172851588
controller 100 Hz,True,100,17.759197324414718,85.71977119397629,97.2742012624506
controller 100 Hz,True,100,17.859531772575252,85.68726908951815,92.01439458596715
controller 100 Hz,True,100,17.959866220735787,85.64922993827147,87.01646198282832
controller 100 Hz,True,100,18.06020066889632,85.60511446103162,82.2708283897272
controller 100 Hz,True,100,18.160535117056856,85.55502265989642,77.76788166403584
controller 100 Hz,True,100,18.26086956521739,85.49959703785439,73.49802470053334
controller 100 Hz,True,100,18.361204013377925,85.43987527633911,69.45172164128235
controller 100 Hz,True,100,18.461538461538463,85.37711848789914,65.61953843146554
controller 100 Hz,True,100,18.561872909698998,85.31263923490128,61.992178187280615
controller 100 Hz,True,100,18.662207357859533,85.2476489981261,58.56051172836442
controller 100 Hz,True,100,18.762541806020067,85.18313882764674,55.315644507184736
controller 100 Hz,True,100,18.862876254180602,85.11980056177656,52.24882920624018
controller 100 Hz,True,100,18.963210702341136,85.0579901099686,49.35156074848819
controller 100 Hz,True,100,19.06354515050167,84.99772945411995,46.615601471464
controller 100 Hz,True,100,19.16387959866221,84.93874055447614,44.032973460919585
controller 100 Hz,True,100,19.264214046822744,84.88050233667724,41.59596716686407
controller 100 Hz,True,100,19.36454849498328,84.82232128088611,39.29714746404211
controller 100 Hz,True,100,19.464882943143813,84.76340659864154,37.12935743894464
controller 100 Hz,True,100,19.565217391304348,84.70294226611617,35.08572015138515
controller 100 Hz,True,100,19.665551839464882,84.64014996492438,33.159638612688305
controller 100 Hz,True,100,19.765886287625417,84.57433896665384,31.344794211851845
controller 100 Hz,True,100,19.866220735785955,84.50494094463747,29.635143782263615
controller 100 Hz,True,100,19.96655518394649,84.43152941248893,28.024915501088206
controller 100 Hz,True,100,20.066889632107024,84.35382487462086,26.50860380773006
controller 100 Hz,True,100,20.16722408026756,84.2716877680927,25.080963489076154
controller 100 Hz,True,100,20.267558528428093,84.18510186736798,23.737003067605436
controller 100 Hz,True,100,20.367892976588628,84.09415106930274,22.471977641959317
controller 100 Hz,True,100,20.468227424749163,83.99899242487851,21.281381290792446
controller 100 Hz,True,100,20.5685618729097,83.89982799026535,20.16093912537608
controller 100 Hz,True,100,20.668896321070235,83.79687766960588,19.10659910891851
controller 100 Hz,True,100,20.76923076923077,83.69035468999596,18.11452372134754
controller 100 Hz,True,100,20.869565217391305,83.58044485311483,17.181081523004533
controller 100 Hz,True,100,20.96989966555184,83.46729019425116,16.302838696591717
controller 100 Hz,True,100,21.070234113712374,83.35097725626773,15.476550628620101
controller 100 Hz,True,100,21.17056856187291,83.23152983162328,14.699153560499596
controller 100 Hz,True,100,21.270903010033447,83.10890575430983,13.967756353207376
controller 100 Hz,True,100,21.37123745819398,82.98299715139788,13.279632415051694
controller 100 Hz,True,100,21.471571906354516,82.85363346085452,12.63221180748381
controller 100 Hz,True,100,21.57190635451505,82.72058649392675,12.023073545440425
controller 100 Hz,True,100,21.672240802675585,82.58357684215308,11.449938129645359
controller 100 Hz,True,100,21.77257525083612,82.44228099431744,10.91066869291726
controller 100 Hz,True,100,21.872909698996658,82.29633861561982,10.403239965278042
controller 100 Hz,True,100,21.973244147157192,82.14535954704861,9.925752286561693
controller 100 Hz,True,100,22.073578595317727,81.98893018915354,9.476422408621378
controller 100 Hz,True,100,22.17391304347826,81.82661903774363,9.05357495070347
controller 100 Hz,True,100,22.274247491638796,81.65798123502792,8.655636459156238
controller 100 Hz,True,100,22.37458193979933,81.48256207928289,8.28112973812687
controller 100 Hz,True,100,22.474916387959865,81.29989950549702,7.928668438127077
controller 100 Hz,True,100,22.575250836120404,81.10952559995066,7.5969518962395455
controller 100 Hz,True,100,22.67558528428094,80.91096725102481,7.284760233376755
controller 100 Hz,True,100,22.775919732441473,80.7037460635937,6.990949697777206
controller 100 Hz,True,100,22.876254180602007,80.48737767930082,6.714448241797789
controller 100 Hz,True,100,22.976588628762542,80.26137064991727,6.45425133113682
controller 100 Hz,True,100,23.076923076923077,80.02522501183302,6.209417980450251
controller 100 Hz,True,100,23.17725752508361,79.7784307023656,5.97906699931986
controller 100 Hz,True,100,23.27759197324415,79.52046595096208,5.762373443086008
controller 100 Hz,True,100,23.377926421404684,79.25079576852688,5.558565262349548
controller 100 Hz,True,100,23.47826086956522,78.96887064683268,5.3669201381239375
controller 100 Hz,True,100,23.578595317725753,78.67412557113003,5.186762492261948
controller 100 Hz,True,100,23.678929765886288,78.36597943997828,5.017460665170699
controller 100 Hz,True,100,23.779264214046822,78.0438349795944,4.858424249082722
controller 100 Hz,True,100,23.879598662207357,77.70707923460374,4.709101565791789
controller 100 Hz,True,100,23.979933110367895,77.35508471317887,4.568977276179569
controller 100 Hz,True,100,24.08026755852843,76.98721126157524,4.437570107002155
controller 100 Hz,True,100,24.180602006688964,76.60280874049276,4.3144306824907845
controller 100 Hz,True,100,24.2809364548495,76.20122057278441,4.1991394434763905
controller 100 Hz,True,100,24.381270903010034,75.78178822620782,4.09130462944383
controller 100 Hz,True,100,24.48160535117057,75.34385668445435,3.9905602992824054
controller 100 Hz,True,100,24.581939799331103,74.88678094368404,3.896564367789772
controller 100 Hz,True,100,24.68227424749164,74.40993354481895,3.8089966078656396
controller 100 Hz,True,100,24.782608695652176,73.91271310284006,3.727558294765275
controller 100 Hz,True,100,24.88294314381271,73.39455372514863,3.6519648173743877
controller 100 Hz,True,100,24.983277591973245,72.854935104946,3.5819480962373036
controller 100 Hz,True,100,25.08361204013378,72.29339290152146,3.5172524428761407
controller 100 Hz,True,100,25.183946488294314,71.7095287658265,3.457630885721716
controller 100 Hz,True,100,25.28428093645485,71.10301897871238,3.402840905797543
controller 100 Hz,True,100,25.384615384615387,70.47362008143003,3.352638981267801
controller 100 Hz,True,100,25.48494983277592,69.82116896421387,3.30677345192831
controller 100 Hz,True,100,25.585284280936456,69.14557339911026,3.2649751085548813
controller 100 Hz,True,100,25.68561872909699,68.44678709358882,3.226944840993965
controller 100 Hz,True,100,25.785953177257525,67.72475995009056,3.1923378213257547
controller 100 Hz,True,100,25.88628762541806,66.97934997581426,3.1607446079999053
controller 100 Hz,True,100,25.986622073578594,66.21017807388733,3.131671792933427
controller 100 Hz,True,100,26.086956521739133,65.41640277841441,3.1045289514628562
controller 100 Hz,True,100,26.187290969899667,64.59639337282793,3.078633289880688
controller 100 Hz,True,100,26.287625418060202,63.74729744810914,3.0532430926828598
controller 100 Hz,True,100,26.387959866220736,62.86452959632375,3.0276188184615176
controller 100 Hz,True,100,26.48829431438127,61.94124660870126,3.001092207978678
controller 100 Hz,True,100,26.588628762541806,60.96788950479019,2.973116876545792
controller 100 Hz,True,100,26.68896321070234,59.93185410313504,2.943287429638549
controller 100 Hz,True,100,26.78929765886288,58.817315487678535,2.911332524116119
controller 100 Hz,True,100,26.889632107023413,57.60520268286034,2.8770947782482095
controller 100 Hz,True,100,26.989966555183948,56.27330794821071,2.840507844006776
controller 100 Hz,True,100,27.090301003344482,54.79651570540436,2.8015757872187486
controller 100 Hz,True,100,27.190635451505017,53.14714119329313,2.7603563042705628
controller 100 Hz,True,100,27.29096989966555,51.29537422426152,2.716947591767855
controller 100 Hz,True,100,27.391304347826086,49.2098257955997,2.6714781404466477
controller 100 Hz,True,100,27.491638795986624,46.85817504115271,2.6240986981013443
controller 100 Hz,True,100,27.59197324414716,44.20791043648488,2.574975751349322
controller 100 Hz,True,100,27.692307692307693,41.22715230785624,2.5242860165298944
controller 100 Hz,True,100,27.792642140468228,37.88553384466698,2.4722111593839333
controller 100 Hz,True,100,27.892976588628763,34.155106389466674,2.418934577866463
controller 100 Hz,True,100,27.993311036789297,30.011223599403642,2.364635655537543
controller 100 Hz,True,100,28.093645484949832,25.433351089794165,2.309486076875484
controller 100 Hz,True,100,28.19397993311037,20.405747273034684,2.2536458210222743
controller 100 Hz,True,100,28.294314381270905,14.91797155234621,2.19725949643802
controller 100 Hz,True,100,28.39464882943144,8.965200709043827,2.140453288942651
controller 100 Hz,True,100,28.494983277591974,2.548373872671253,2.083332879126705
controller 100 Hz,True,100,28.59531772575251,-4.325762086600862,2.0259827316695636
controller 100 Hz,True,100,28.695652173913043,-11.644578745593341,1.9684671446125865
controller 100 Hz,True,100,28.795986622073578,-19.38928631952717,1.910833356723832
controller 100 Hz,True,100,28.896321070234116,-27.534241491485187,1.8531168387764363
controller 100 Hz,True,100,28.99665551839465,-36.045644660473194,1.7953486354529973
controller 100 Hz,True,100,29.096989966555185,-44.87949059974366,1.737564281493123
controller 100 Hz,True,100,29.19732441471572,-53.978768791989204,1.6798134082930187
controller 100 Hz,True,100,29.297658862876254,-63.270120847726815,1.6221687334751531
controller 100 Hz,True,100,29.39799331103679,-72.66044070113598,1.564732795656437
controller 100 Hz,True,100,29.498327759197323,-82.03419809827149,1.507640736390014
controller 100 Hz,True,100,29.59866220735786,-88.75372533789775,1.4510578357844286
controller 100 Hz,True,100,29.698996655518396,-79.84528868859238,1.3951714664670032
controller 100 Hz,True,100,29.79933110367893,-71.43652501913037,1.3401784823475253
controller 100 Hz,True,100,29.899665551839465,-63.707187812253636,1.2862703451626039
controller 100 Hz,True,100,30.0,-56.841643821208116,1.2336171428395697
